--
-- PostgreSQL database dump
--

-- Dumped from database version 15.3 (Debian 15.3-1.pgdg110+1)
-- Dumped by pg_dump version 15.3 (Debian 15.3-1.pgdg110+1)

SET statement_timeout = 0;
SET lock_timeout = 0;
SET idle_in_transaction_session_timeout = 0;
SET client_encoding = 'UTF8';
SET standard_conforming_strings = on;
SELECT pg_catalog.set_config('search_path', '', false);
SET check_function_bodies = false;
SET xmloption = content;
SET client_min_messages = warning;
SET row_security = off;

--
-- Name: pg_trgm; Type: EXTENSION; Schema: -; Owner: -
--

CREATE EXTENSION IF NOT EXISTS pg_trgm WITH SCHEMA public;


--
-- Name: EXTENSION pg_trgm; Type: COMMENT; Schema: -; Owner:
--

COMMENT ON EXTENSION pg_trgm IS 'text similarity measurement and index searching based on trigrams';


--
-- Name: postgis; Type: EXTENSION; Schema: -; Owner: -
--

CREATE EXTENSION IF NOT EXISTS postgis WITH SCHEMA public;


--
-- Name: EXTENSION postgis; Type: COMMENT; Schema: -; Owner:
--

COMMENT ON EXTENSION postgis IS 'PostGIS geometry and geography spatial types and functions';


--
-- Name: unaccent; Type: EXTENSION; Schema: -; Owner: -
--

CREATE EXTENSION IF NOT EXISTS unaccent WITH SCHEMA public;


--
-- Name: EXTENSION unaccent; Type: COMMENT; Schema: -; Owner:
--

COMMENT ON EXTENSION unaccent IS 'text search dictionary that removes accents';


SET default_tablespace = '';

SET default_table_access_method = heap;

--
-- Name: auth_group; Type: TABLE; Schema: public; Owner: postgres
--

CREATE TABLE public.auth_group (
    id integer NOT NULL,
    name character varying(150) NOT NULL
);


ALTER TABLE public.auth_group OWNER TO postgres;

--
-- Name: auth_group_id_seq; Type: SEQUENCE; Schema: public; Owner: postgres
--

ALTER TABLE public.auth_group ALTER COLUMN id ADD GENERATED BY DEFAULT AS IDENTITY (
    SEQUENCE NAME public.auth_group_id_seq
    START WITH 1
    INCREMENT BY 1
    NO MINVALUE
    NO MAXVALUE
    CACHE 1
);


--
-- Name: auth_group_permissions; Type: TABLE; Schema: public; Owner: postgres
--

CREATE TABLE public.auth_group_permissions (
    id bigint NOT NULL,
    group_id integer NOT NULL,
    permission_id integer NOT NULL
);


ALTER TABLE public.auth_group_permissions OWNER TO postgres;

--
-- Name: auth_group_permissions_id_seq; Type: SEQUENCE; Schema: public; Owner: postgres
--

ALTER TABLE public.auth_group_permissions ALTER COLUMN id ADD GENERATED BY DEFAULT AS IDENTITY (
    SEQUENCE NAME public.auth_group_permissions_id_seq
    START WITH 1
    INCREMENT BY 1
    NO MINVALUE
    NO MAXVALUE
    CACHE 1
);


--
-- Name: auth_permission; Type: TABLE; Schema: public; Owner: postgres
--

CREATE TABLE public.auth_permission (
    id integer NOT NULL,
    name character varying(255) NOT NULL,
    content_type_id integer NOT NULL,
    codename character varying(100) NOT NULL
);


ALTER TABLE public.auth_permission OWNER TO postgres;

--
-- Name: auth_permission_id_seq; Type: SEQUENCE; Schema: public; Owner: postgres
--

ALTER TABLE public.auth_permission ALTER COLUMN id ADD GENERATED BY DEFAULT AS IDENTITY (
    SEQUENCE NAME public.auth_permission_id_seq
    START WITH 1
    INCREMENT BY 1
    NO MINVALUE
    NO MAXVALUE
    CACHE 1
);


--
-- Name: comments_comment; Type: TABLE; Schema: public; Owner: postgres
--

CREATE TABLE public.comments_comment (
    id bigint NOT NULL,
    content text NOT NULL,
    uuid uuid NOT NULL,
    added timestamp with time zone NOT NULL,
    updated timestamp with time zone NOT NULL,
    author_id bigint NOT NULL,
    trip_id bigint NOT NULL
);


ALTER TABLE public.comments_comment OWNER TO postgres;

--
-- Name: comments_comment_id_seq; Type: SEQUENCE; Schema: public; Owner: postgres
--

ALTER TABLE public.comments_comment ALTER COLUMN id ADD GENERATED BY DEFAULT AS IDENTITY (
    SEQUENCE NAME public.comments_comment_id_seq
    START WITH 1
    INCREMENT BY 1
    NO MINVALUE
    NO MAXVALUE
    CACHE 1
);


--
-- Name: core_faq; Type: TABLE; Schema: public; Owner: postgres
--

CREATE TABLE public.core_faq (
    id bigint NOT NULL,
    question character varying(100) NOT NULL,
    answer text NOT NULL,
    added timestamp with time zone NOT NULL,
    updated timestamp with time zone NOT NULL,
    author_id bigint
);


ALTER TABLE public.core_faq OWNER TO postgres;

--
-- Name: core_faq_id_seq; Type: SEQUENCE; Schema: public; Owner: postgres
--

ALTER TABLE public.core_faq ALTER COLUMN id ADD GENERATED BY DEFAULT AS IDENTITY (
    SEQUENCE NAME public.core_faq_id_seq
    START WITH 1
    INCREMENT BY 1
    NO MINVALUE
    NO MAXVALUE
    CACHE 1
);


--
-- Name: core_news; Type: TABLE; Schema: public; Owner: postgres
--

CREATE TABLE public.core_news (
    id bigint NOT NULL,
    title character varying(100) NOT NULL,
    posted_at timestamp with time zone NOT NULL,
    content text NOT NULL,
    author_id bigint,
    is_published boolean NOT NULL,
    added timestamp with time zone NOT NULL,
    updated timestamp with time zone NOT NULL,
    slug character varying(100) NOT NULL
);


ALTER TABLE public.core_news OWNER TO postgres;

--
-- Name: core_news_id_seq; Type: SEQUENCE; Schema: public; Owner: postgres
--

ALTER TABLE public.core_news ALTER COLUMN id ADD GENERATED BY DEFAULT AS IDENTITY (
    SEQUENCE NAME public.core_news_id_seq
    START WITH 1
    INCREMENT BY 1
    NO MINVALUE
    NO MAXVALUE
    CACHE 1
);


--
-- Name: distancefield_distancefieldtestmodel; Type: TABLE; Schema: public; Owner: postgres
--

CREATE TABLE public.distancefield_distancefieldtestmodel (
    id bigint NOT NULL,
    name character varying(20) NOT NULL,
    mm_field numeric(14,6) NOT NULL,
    inch_field numeric(14,6) NOT NULL,
    mtr_field numeric(14,6) NOT NULL,
    no_unit_field numeric(14,6) NOT NULL,
    mm_field_units character varying(29),
    inch_field_units character varying(29),
    mtr_field_units character varying(29)
);


ALTER TABLE public.distancefield_distancefieldtestmodel OWNER TO postgres;

--
-- Name: distancefield_distancefieldtestmodel_id_seq; Type: SEQUENCE; Schema: public; Owner: postgres
--

ALTER TABLE public.distancefield_distancefieldtestmodel ALTER COLUMN id ADD GENERATED BY DEFAULT AS IDENTITY (
    SEQUENCE NAME public.distancefield_distancefieldtestmodel_id_seq
    START WITH 1
    INCREMENT BY 1
    NO MINVALUE
    NO MAXVALUE
    CACHE 1
);


--
-- Name: django_admin_log; Type: TABLE; Schema: public; Owner: postgres
--

CREATE TABLE public.django_admin_log (
    id integer NOT NULL,
    action_time timestamp with time zone NOT NULL,
    object_id text,
    object_repr character varying(200) NOT NULL,
    action_flag smallint NOT NULL,
    change_message text NOT NULL,
    content_type_id integer,
    user_id bigint NOT NULL,
    CONSTRAINT django_admin_log_action_flag_check CHECK ((action_flag >= 0))
);


ALTER TABLE public.django_admin_log OWNER TO postgres;

--
-- Name: django_admin_log_id_seq; Type: SEQUENCE; Schema: public; Owner: postgres
--

ALTER TABLE public.django_admin_log ALTER COLUMN id ADD GENERATED BY DEFAULT AS IDENTITY (
    SEQUENCE NAME public.django_admin_log_id_seq
    START WITH 1
    INCREMENT BY 1
    NO MINVALUE
    NO MAXVALUE
    CACHE 1
);


--
-- Name: django_content_type; Type: TABLE; Schema: public; Owner: postgres
--

CREATE TABLE public.django_content_type (
    id integer NOT NULL,
    app_label character varying(100) NOT NULL,
    model character varying(100) NOT NULL
);


ALTER TABLE public.django_content_type OWNER TO postgres;

--
-- Name: django_content_type_id_seq; Type: SEQUENCE; Schema: public; Owner: postgres
--

ALTER TABLE public.django_content_type ALTER COLUMN id ADD GENERATED BY DEFAULT AS IDENTITY (
    SEQUENCE NAME public.django_content_type_id_seq
    START WITH 1
    INCREMENT BY 1
    NO MINVALUE
    NO MAXVALUE
    CACHE 1
);


--
-- Name: django_migrations; Type: TABLE; Schema: public; Owner: postgres
--

CREATE TABLE public.django_migrations (
    id bigint NOT NULL,
    app character varying(255) NOT NULL,
    name character varying(255) NOT NULL,
    applied timestamp with time zone NOT NULL
);


ALTER TABLE public.django_migrations OWNER TO postgres;

--
-- Name: django_migrations_id_seq; Type: SEQUENCE; Schema: public; Owner: postgres
--

ALTER TABLE public.django_migrations ALTER COLUMN id ADD GENERATED BY DEFAULT AS IDENTITY (
    SEQUENCE NAME public.django_migrations_id_seq
    START WITH 1
    INCREMENT BY 1
    NO MINVALUE
    NO MAXVALUE
    CACHE 1
);


--
-- Name: django_session; Type: TABLE; Schema: public; Owner: postgres
--

CREATE TABLE public.django_session (
    session_key character varying(40) NOT NULL,
    session_data text NOT NULL,
    expire_date timestamp with time zone NOT NULL
);


ALTER TABLE public.django_session OWNER TO postgres;

--
-- Name: logger_trip; Type: TABLE; Schema: public; Owner: postgres
--

CREATE TABLE public.logger_trip (
    id bigint NOT NULL,
    privacy character varying(10) NOT NULL,
    cave_name character varying(100) NOT NULL,
    cave_region character varying(100) NOT NULL,
    cave_country character varying(100) NOT NULL,
    start timestamp with time zone NOT NULL,
    "end" timestamp with time zone,
    type character varying(15) NOT NULL,
    cavers character varying(250) NOT NULL,
    clubs character varying(100) NOT NULL,
    expedition character varying(100) NOT NULL,
    added timestamp with time zone NOT NULL,
    updated timestamp with time zone NOT NULL,
    horizontal_dist numeric(14,6),
    vert_dist_down numeric(14,6),
    vert_dist_up numeric(14,6),
    surveyed_dist numeric(14,6),
    aid_dist numeric(14,6),
    notes text NOT NULL,
    user_id bigint NOT NULL,
    aid_dist_units character varying(29),
    horizontal_dist_units character varying(29),
    surveyed_dist_units character varying(29),
    vert_dist_down_units character varying(29),
    vert_dist_up_units character varying(29),
    resurveyed_dist numeric(14,6),
    resurveyed_dist_units character varying(29),
    duration interval,
    duration_str character varying(100),
    cave_entrance character varying(100) NOT NULL,
    cave_exit character varying(100) NOT NULL,
    uuid uuid NOT NULL,
    custom_field_1 character varying(200) NOT NULL,
    custom_field_2 character varying(200) NOT NULL,
    custom_field_3 character varying(200) NOT NULL,
    custom_field_4 character varying(200) NOT NULL,
    custom_field_5 character varying(100) NOT NULL,
    private_photos boolean NOT NULL,
    cave_coordinates public.geography(Point,4326),
    cave_location character varying(100) NOT NULL
);


ALTER TABLE public.logger_trip OWNER TO postgres;

--
-- Name: logger_trip_id_seq; Type: SEQUENCE; Schema: public; Owner: postgres
--

ALTER TABLE public.logger_trip ALTER COLUMN id ADD GENERATED BY DEFAULT AS IDENTITY (
    SEQUENCE NAME public.logger_trip_id_seq
    START WITH 1
    INCREMENT BY 1
    NO MINVALUE
    NO MAXVALUE
    CACHE 1
);


--
-- Name: logger_trip_likes; Type: TABLE; Schema: public; Owner: postgres
--

CREATE TABLE public.logger_trip_likes (
    id bigint NOT NULL,
    trip_id bigint NOT NULL,
    cavinguser_id bigint NOT NULL
);


ALTER TABLE public.logger_trip_likes OWNER TO postgres;

--
-- Name: logger_trip_likes_id_seq; Type: SEQUENCE; Schema: public; Owner: postgres
--

ALTER TABLE public.logger_trip_likes ALTER COLUMN id ADD GENERATED BY DEFAULT AS IDENTITY (
    SEQUENCE NAME public.logger_trip_likes_id_seq
    START WITH 1
    INCREMENT BY 1
    NO MINVALUE
    NO MAXVALUE
    CACHE 1
);


--
-- Name: logger_tripphoto; Type: TABLE; Schema: public; Owner: postgres
--

CREATE TABLE public.logger_tripphoto (
    id bigint NOT NULL,
    uuid uuid NOT NULL,
    photo character varying(150),
    caption character varying(100) NOT NULL,
    added timestamp with time zone NOT NULL,
    updated timestamp with time zone NOT NULL,
    trip_id bigint,
    user_id bigint,
    is_valid boolean NOT NULL,
    taken timestamp with time zone,
    deleted_at timestamp with time zone,
    filesize integer NOT NULL
);


ALTER TABLE public.logger_tripphoto OWNER TO postgres;

--
-- Name: logger_tripphoto_id_seq; Type: SEQUENCE; Schema: public; Owner: postgres
--

ALTER TABLE public.logger_tripphoto ALTER COLUMN id ADD GENERATED BY DEFAULT AS IDENTITY (
    SEQUENCE NAME public.logger_tripphoto_id_seq
    START WITH 1
    INCREMENT BY 1
    NO MINVALUE
    NO MAXVALUE
    CACHE 1
);


--
-- Name: logger_tripreport; Type: TABLE; Schema: public; Owner: postgres
--

CREATE TABLE public.logger_tripreport (
    trip_id bigint NOT NULL,
    title character varying(100) NOT NULL,
    pub_date date NOT NULL,
    slug character varying(100) NOT NULL,
    content text NOT NULL,
    added timestamp with time zone NOT NULL,
    updated timestamp with time zone NOT NULL,
    privacy character varying(10) NOT NULL,
    user_id bigint NOT NULL
);


ALTER TABLE public.logger_tripreport OWNER TO postgres;

--
-- Name: logger_tripreport_likes; Type: TABLE; Schema: public; Owner: postgres
--

CREATE TABLE public.logger_tripreport_likes (
    id bigint NOT NULL,
    tripreport_id bigint NOT NULL,
    cavinguser_id bigint NOT NULL
);


ALTER TABLE public.logger_tripreport_likes OWNER TO postgres;

--
-- Name: logger_tripreport_likes_id_seq; Type: SEQUENCE; Schema: public; Owner: postgres
--

ALTER TABLE public.logger_tripreport_likes ALTER COLUMN id ADD GENERATED BY DEFAULT AS IDENTITY (
    SEQUENCE NAME public.logger_tripreport_likes_id_seq
    START WITH 1
    INCREMENT BY 1
    NO MINVALUE
    NO MAXVALUE
    CACHE 1
);


--
-- Name: mailer_dontsendentry; Type: TABLE; Schema: public; Owner: postgres
--

CREATE TABLE public.mailer_dontsendentry (
    id bigint NOT NULL,
    to_address character varying(254) NOT NULL,
    when_added timestamp with time zone NOT NULL
);


ALTER TABLE public.mailer_dontsendentry OWNER TO postgres;

--
-- Name: mailer_dontsendentry_id_seq; Type: SEQUENCE; Schema: public; Owner: postgres
--

ALTER TABLE public.mailer_dontsendentry ALTER COLUMN id ADD GENERATED BY DEFAULT AS IDENTITY (
    SEQUENCE NAME public.mailer_dontsendentry_id_seq
    START WITH 1
    INCREMENT BY 1
    NO MINVALUE
    NO MAXVALUE
    CACHE 1
);


--
-- Name: mailer_message; Type: TABLE; Schema: public; Owner: postgres
--

CREATE TABLE public.mailer_message (
    id bigint NOT NULL,
    message_data text NOT NULL,
    when_added timestamp with time zone NOT NULL,
    priority smallint NOT NULL,
    CONSTRAINT mailer_message_priority_4f7b1370_check CHECK ((priority >= 0))
);


ALTER TABLE public.mailer_message OWNER TO postgres;

--
-- Name: mailer_message_id_seq; Type: SEQUENCE; Schema: public; Owner: postgres
--

ALTER TABLE public.mailer_message ALTER COLUMN id ADD GENERATED BY DEFAULT AS IDENTITY (
    SEQUENCE NAME public.mailer_message_id_seq
    START WITH 1
    INCREMENT BY 1
    NO MINVALUE
    NO MAXVALUE
    CACHE 1
);


--
-- Name: mailer_messagelog; Type: TABLE; Schema: public; Owner: postgres
--

CREATE TABLE public.mailer_messagelog (
    id bigint NOT NULL,
    message_data text NOT NULL,
    when_added timestamp with time zone NOT NULL,
    priority smallint NOT NULL,
    when_attempted timestamp with time zone NOT NULL,
    result character varying(1) NOT NULL,
    log_message text NOT NULL,
    message_id text,
    CONSTRAINT mailer_messagelog_priority_5e712cf3_check CHECK ((priority >= 0))
);


ALTER TABLE public.mailer_messagelog OWNER TO postgres;

--
-- Name: mailer_messagelog_id_seq; Type: SEQUENCE; Schema: public; Owner: postgres
--

ALTER TABLE public.mailer_messagelog ALTER COLUMN id ADD GENERATED BY DEFAULT AS IDENTITY (
    SEQUENCE NAME public.mailer_messagelog_id_seq
    START WITH 1
    INCREMENT BY 1
    NO MINVALUE
    NO MAXVALUE
    CACHE 1
);


--
-- Name: users_cavinguser; Type: TABLE; Schema: public; Owner: postgres
--

CREATE TABLE public.users_cavinguser (
    id bigint NOT NULL,
    password character varying(128) NOT NULL,
    last_login timestamp with time zone,
    is_superuser boolean NOT NULL,
    email character varying(255) NOT NULL,
    username character varying(30) NOT NULL,
    is_active boolean NOT NULL,
    date_joined timestamp with time zone NOT NULL,
    last_seen timestamp with time zone NOT NULL,
    name character varying(35) NOT NULL,
    allow_comments boolean NOT NULL,
    allow_friend_email boolean NOT NULL,
    allow_friend_username boolean NOT NULL,
    bio text NOT NULL,
    clubs character varying(100) NOT NULL,
    country character varying(2) NOT NULL,
    location character varying(50) NOT NULL,
    page_title character varying(50) NOT NULL,
    privacy character varying(10) NOT NULL,
    private_notes boolean NOT NULL,
    public_statistics boolean NOT NULL,
    timezone character varying(63) NOT NULL,
    units character varying(10) NOT NULL,
    feed_ordering character varying(15) NOT NULL,
    avatar character varying(100) NOT NULL,
    uuid uuid NOT NULL,
    disable_distance_statistics boolean NOT NULL,
    disable_survey_statistics boolean NOT NULL,
    show_cavers_on_trip_list boolean NOT NULL,
    custom_field_1_label character varying(25) NOT NULL,
    custom_field_2_label character varying(25) NOT NULL,
    custom_field_3_label character varying(25) NOT NULL,
    custom_field_4_label character varying(25) NOT NULL,
    custom_field_5_label character varying(25) NOT NULL,
    email_friend_requests boolean NOT NULL,
    disable_stats_over_time boolean NOT NULL,
    email_comments boolean NOT NULL,
    has_mod_perms boolean NOT NULL,
    has_verified_email boolean NOT NULL
);


ALTER TABLE public.users_cavinguser OWNER TO postgres;

--
-- Name: users_cavinguser_friends; Type: TABLE; Schema: public; Owner: postgres
--

CREATE TABLE public.users_cavinguser_friends (
    id bigint NOT NULL,
    from_cavinguser_id bigint NOT NULL,
    to_cavinguser_id bigint NOT NULL
);


ALTER TABLE public.users_cavinguser_friends OWNER TO postgres;

--
-- Name: users_cavinguser_friends_id_seq; Type: SEQUENCE; Schema: public; Owner: postgres
--

ALTER TABLE public.users_cavinguser_friends ALTER COLUMN id ADD GENERATED BY DEFAULT AS IDENTITY (
    SEQUENCE NAME public.users_cavinguser_friends_id_seq
    START WITH 1
    INCREMENT BY 1
    NO MINVALUE
    NO MAXVALUE
    CACHE 1
);


--
-- Name: users_cavinguser_groups; Type: TABLE; Schema: public; Owner: postgres
--

CREATE TABLE public.users_cavinguser_groups (
    id bigint NOT NULL,
    cavinguser_id bigint NOT NULL,
    group_id integer NOT NULL
);


ALTER TABLE public.users_cavinguser_groups OWNER TO postgres;

--
-- Name: users_cavinguser_groups_id_seq; Type: SEQUENCE; Schema: public; Owner: postgres
--

ALTER TABLE public.users_cavinguser_groups ALTER COLUMN id ADD GENERATED BY DEFAULT AS IDENTITY (
    SEQUENCE NAME public.users_cavinguser_groups_id_seq
    START WITH 1
    INCREMENT BY 1
    NO MINVALUE
    NO MAXVALUE
    CACHE 1
);


--
-- Name: users_cavinguser_id_seq; Type: SEQUENCE; Schema: public; Owner: postgres
--

ALTER TABLE public.users_cavinguser ALTER COLUMN id ADD GENERATED BY DEFAULT AS IDENTITY (
    SEQUENCE NAME public.users_cavinguser_id_seq
    START WITH 1
    INCREMENT BY 1
    NO MINVALUE
    NO MAXVALUE
    CACHE 1
);


--
-- Name: users_cavinguser_user_permissions; Type: TABLE; Schema: public; Owner: postgres
--

CREATE TABLE public.users_cavinguser_user_permissions (
    id bigint NOT NULL,
    cavinguser_id bigint NOT NULL,
    permission_id integer NOT NULL
);


ALTER TABLE public.users_cavinguser_user_permissions OWNER TO postgres;

--
-- Name: users_cavinguser_user_permissions_id_seq; Type: SEQUENCE; Schema: public; Owner: postgres
--

ALTER TABLE public.users_cavinguser_user_permissions ALTER COLUMN id ADD GENERATED BY DEFAULT AS IDENTITY (
    SEQUENCE NAME public.users_cavinguser_user_permissions_id_seq
    START WITH 1
    INCREMENT BY 1
    NO MINVALUE
    NO MAXVALUE
    CACHE 1
);


--
-- Name: users_friendrequest; Type: TABLE; Schema: public; Owner: postgres
--

CREATE TABLE public.users_friendrequest (
    id bigint NOT NULL,
    created timestamp with time zone NOT NULL,
    user_from_id bigint NOT NULL,
    user_to_id bigint NOT NULL
);


ALTER TABLE public.users_friendrequest OWNER TO postgres;

--
-- Name: users_friendrequest_id_seq; Type: SEQUENCE; Schema: public; Owner: postgres
--

ALTER TABLE public.users_friendrequest ALTER COLUMN id ADD GENERATED BY DEFAULT AS IDENTITY (
    SEQUENCE NAME public.users_friendrequest_id_seq
    START WITH 1
    INCREMENT BY 1
    NO MINVALUE
    NO MAXVALUE
    CACHE 1
);


--
-- Name: users_notification; Type: TABLE; Schema: public; Owner: postgres
--

CREATE TABLE public.users_notification (
    id bigint NOT NULL,
    message character varying(255) NOT NULL,
    url character varying(255) NOT NULL,
    read boolean NOT NULL,
    added timestamp with time zone NOT NULL,
    user_id bigint NOT NULL
);


ALTER TABLE public.users_notification OWNER TO postgres;

--
-- Name: users_notification_id_seq; Type: SEQUENCE; Schema: public; Owner: postgres
--

ALTER TABLE public.users_notification ALTER COLUMN id ADD GENERATED BY DEFAULT AS IDENTITY (
    SEQUENCE NAME public.users_notification_id_seq
    START WITH 1
    INCREMENT BY 1
    NO MINVALUE
    NO MAXVALUE
    CACHE 1
);


--
-- Data for Name: auth_group; Type: TABLE DATA; Schema: public; Owner: postgres
--

COPY public.auth_group (id, name) FROM stdin;
\.


--
-- Data for Name: auth_group_permissions; Type: TABLE DATA; Schema: public; Owner: postgres
--

COPY public.auth_group_permissions (id, group_id, permission_id) FROM stdin;
\.


--
-- Data for Name: auth_permission; Type: TABLE DATA; Schema: public; Owner: postgres
--

COPY public.auth_permission (id, name, content_type_id, codename) FROM stdin;
1	Can add FAQ	1	add_faq
2	Can change FAQ	1	change_faq
3	Can delete FAQ	1	delete_faq
4	Can view FAQ	1	view_faq
5	Can add news	2	add_news
6	Can change news	2	change_news
7	Can delete news	2	delete_news
8	Can view news	2	view_news
9	Can add user	3	add_cavinguser
10	Can change user	3	change_cavinguser
11	Can delete user	3	delete_cavinguser
12	Can view user	3	view_cavinguser
13	Can add notification	4	add_notification
14	Can change notification	4	change_notification
15	Can delete notification	4	delete_notification
16	Can view notification	4	view_notification
17	Can add friend request	5	add_friendrequest
18	Can change friend request	5	change_friendrequest
19	Can delete friend request	5	delete_friendrequest
20	Can view friend request	5	view_friendrequest
21	Can add trip	6	add_trip
22	Can change trip	6	change_trip
23	Can delete trip	6	delete_trip
24	Can view trip	6	view_trip
25	Can add trip report	7	add_tripreport
26	Can change trip report	7	change_tripreport
27	Can delete trip report	7	delete_tripreport
28	Can view trip report	7	view_tripreport
29	Can add trip photo	8	add_tripphoto
30	Can change trip photo	8	change_tripphoto
31	Can delete trip photo	8	delete_tripphoto
32	Can view trip photo	8	view_tripphoto
33	Can add comment	9	add_comment
34	Can change comment	9	change_comment
35	Can delete comment	9	delete_comment
36	Can view comment	9	view_comment
37	Can add don't send entry	10	add_dontsendentry
38	Can change don't send entry	10	change_dontsendentry
39	Can delete don't send entry	10	delete_dontsendentry
40	Can view don't send entry	10	view_dontsendentry
41	Can add message	11	add_message
42	Can change message	11	change_message
43	Can delete message	11	delete_message
44	Can view message	11	view_message
45	Can add message log	12	add_messagelog
46	Can change message log	12	change_messagelog
47	Can delete message log	12	delete_messagelog
48	Can view message log	12	view_messagelog
49	Can add log entry	13	add_logentry
50	Can change log entry	13	change_logentry
51	Can delete log entry	13	delete_logentry
52	Can view log entry	13	view_logentry
53	Can add permission	14	add_permission
54	Can change permission	14	change_permission
55	Can delete permission	14	delete_permission
56	Can view permission	14	view_permission
57	Can add group	15	add_group
58	Can change group	15	change_group
59	Can delete group	15	delete_group
60	Can view group	15	view_group
61	Can add content type	16	add_contenttype
62	Can change content type	16	change_contenttype
63	Can delete content type	16	delete_contenttype
64	Can view content type	16	view_contenttype
65	Can add session	17	add_session
66	Can change session	17	change_session
67	Can delete session	17	delete_session
68	Can view session	17	view_session
69	Can add distance field test model	18	add_distancefieldtestmodel
70	Can change distance field test model	18	change_distancefieldtestmodel
71	Can delete distance field test model	18	delete_distancefieldtestmodel
72	Can view distance field test model	18	view_distancefieldtestmodel
\.


--
-- Data for Name: comments_comment; Type: TABLE DATA; Schema: public; Owner: postgres
--

COPY public.comments_comment (id, content, uuid, added, updated, author_id, trip_id) FROM stdin;
\.


--
-- Data for Name: core_faq; Type: TABLE DATA; Schema: public; Owner: postgres
--

COPY public.core_faq (id, question, answer, added, updated, author_id) FROM stdin;
\.


--
-- Data for Name: core_news; Type: TABLE DATA; Schema: public; Owner: postgres
--

COPY public.core_news (id, title, posted_at, content, author_id, is_published, added, updated, slug) FROM stdin;
\.


--
-- Data for Name: distancefield_distancefieldtestmodel; Type: TABLE DATA; Schema: public; Owner: postgres
--

COPY public.distancefield_distancefieldtestmodel (id, name, mm_field, inch_field, mtr_field, no_unit_field, mm_field_units, inch_field_units, mtr_field_units) FROM stdin;
\.


--
-- Data for Name: django_admin_log; Type: TABLE DATA; Schema: public; Owner: postgres
--

COPY public.django_admin_log (id, action_time, object_id, object_repr, action_flag, change_message, content_type_id, user_id) FROM stdin;
\.


--
-- Data for Name: django_content_type; Type: TABLE DATA; Schema: public; Owner: postgres
--

COPY public.django_content_type (id, app_label, model) FROM stdin;
1	core	faq
2	core	news
3	users	cavinguser
4	users	notification
5	users	friendrequest
6	logger	trip
7	logger	tripreport
8	logger	tripphoto
9	comments	comment
10	mailer	dontsendentry
11	mailer	message
12	mailer	messagelog
13	admin	logentry
14	auth	permission
15	auth	group
16	contenttypes	contenttype
17	sessions	session
18	distancefield	distancefieldtestmodel
\.


--
-- Data for Name: django_migrations; Type: TABLE DATA; Schema: public; Owner: postgres
--

COPY public.django_migrations (id, app, name, applied) FROM stdin;
1	contenttypes	0001_initial	2023-07-29 12:10:38.415948+00
2	contenttypes	0002_remove_content_type_name	2023-07-29 12:10:38.421987+00
3	auth	0001_initial	2023-07-29 12:10:38.473662+00
4	auth	0002_alter_permission_name_max_length	2023-07-29 12:10:38.477779+00
5	auth	0003_alter_user_email_max_length	2023-07-29 12:10:38.479817+00
6	auth	0004_alter_user_username_opts	2023-07-29 12:10:38.481897+00
7	auth	0005_alter_user_last_login_null	2023-07-29 12:10:38.484114+00
8	auth	0006_require_contenttypes_0002	2023-07-29 12:10:38.485109+00
9	auth	0007_alter_validators_add_error_messages	2023-07-29 12:10:38.48717+00
10	auth	0008_alter_user_username_max_length	2023-07-29 12:10:38.490012+00
11	auth	0009_alter_user_last_name_max_length	2023-07-29 12:10:38.491903+00
12	auth	0010_alter_group_name_max_length	2023-07-29 12:10:38.495677+00
13	auth	0011_update_proxy_permissions	2023-07-29 12:10:38.49799+00
14	auth	0012_alter_user_first_name_max_length	2023-07-29 12:10:38.49976+00
15	users	0001_squash_all_users	2023-07-29 12:10:38.831883+00
16	admin	0001_initial	2023-07-29 12:10:38.861506+00
17	admin	0002_logentry_remove_auto_add	2023-07-29 12:10:38.866754+00
18	admin	0003_logentry_add_action_flag_choices	2023-07-29 12:10:38.871619+00
19	logger	0001_initial	2023-07-29 12:10:39.103483+00
20	logger	0002_trip_aid_dist_units_trip_horizontal_dist_units_and_more	2023-07-29 12:10:39.104668+00
21	logger	0003_alter_trip_aid_dist_alter_trip_horizontal_dist_and_more	2023-07-29 12:10:39.105509+00
22	logger	0004_alter_trip_type	2023-07-29 12:10:39.106379+00
23	logger	0005_tripreport	2023-07-29 12:10:39.107292+00
24	logger	0006_remove_trip_report_url	2023-07-29 12:10:39.10804+00
25	logger	0007_alter_trip_cavers	2023-07-29 12:10:39.108868+00
26	logger	0008_alter_trip_privacy_alter_tripreport_privacy	2023-07-29 12:10:39.109605+00
27	logger	0009_trip_resurveyed_dist_trip_resurveyed_dist_units_and_more	2023-07-29 12:10:39.110418+00
28	logger	0010_alter_trip_type	2023-07-29 12:10:39.111195+00
29	logger	0011_trip_duration_trip_duration_str	2023-07-29 12:10:39.11194+00
30	logger	0012_set_all_duration_fields	2023-07-29 12:10:39.112645+00
31	logger	0013_alter_trip_cavers_alter_trip_clubs_and_more	2023-07-29 12:10:39.113392+00
32	logger	0014_alter_tripreport_unique_together_and_more	2023-07-29 12:10:39.114096+00
33	logger	0015_trip_likes_tripreport_likes	2023-07-29 12:10:39.114822+00
34	logger	0016_comment_comment_logger_comm_content_0ff2fc_idx	2023-07-29 12:10:39.115524+00
35	logger	0017_rename_comment_comment_content	2023-07-29 12:10:39.116255+00
36	logger	0018_alter_comment_options	2023-07-29 12:10:39.116947+00
37	logger	0002_delete_comment	2023-07-29 12:10:39.118678+00
38	logger	0003_install_postgres_unaccent_and_trigram	2023-07-29 12:10:39.149805+00
39	logger	0004_update_all_duration_str	2023-07-29 12:10:39.159288+00
40	logger	0005_trip_cave_entrance_trip_cave_exit_and_more	2023-07-29 12:10:39.178895+00
41	logger	0006_add_trip_uuid_field_and_update_help_text	2023-07-29 12:10:39.242551+00
42	logger	0007_generate_trip_uuids	2023-07-29 12:10:39.250838+00
43	logger	0008_make_trip_uuid_unique	2023-07-29 12:10:39.262139+00
44	logger	0009_tripphoto	2023-07-29 12:10:39.287969+00
45	logger	0010_trip_custom_field_1_trip_custom_field_2_and_more	2023-07-29 12:10:39.31894+00
46	logger	0011_tripphoto_original_file_name_tripphoto_uploaded_at_and_more	2023-07-29 12:10:39.337095+00
47	logger	0012_alter_tripphoto_photo	2023-07-29 12:10:39.344132+00
48	logger	0013_alter_tripphoto_trip_alter_tripphoto_user_and_more	2023-07-29 12:10:39.363031+00
49	logger	0014_alter_tripphoto_photo	2023-07-29 12:10:39.371063+00
50	logger	0015_remove_tripphoto_original_file_name_and_more	2023-07-29 12:10:39.389966+00
51	logger	0016_trip_private_photos	2023-07-29 12:10:39.397536+00
52	logger	0017_tripphoto_taken	2023-07-29 12:10:39.405306+00
53	logger	0018_alter_tripphoto_photo	2023-07-29 12:10:39.412531+00
54	logger	0019_tripphoto_deleted_at	2023-07-29 12:10:39.419648+00
55	logger	0020_alter_tripphoto_trip_alter_tripphoto_user	2023-07-29 12:10:39.447577+00
56	logger	0021_tripphoto_filesize	2023-07-29 12:10:39.45464+00
57	logger	0022_alter_tripphoto_filesize	2023-07-29 12:10:39.463443+00
58	comments	0001_initial	2023-07-29 12:10:39.494634+00
59	core	0001_initial	2023-07-29 12:10:39.56882+00
60	core	0002_alter_news_options_news_author	2023-07-29 12:10:39.569733+00
61	core	0003_news_is_published_alter_news_posted_at	2023-07-29 12:10:39.57063+00
62	core	0004_alter_news_is_published	2023-07-29 12:10:39.571499+00
63	core	0005_news_added_news_updated	2023-07-29 12:10:39.57237+00
64	core	0006_alter_news_added_alter_news_updated	2023-07-29 12:10:39.573172+00
65	core	0007_faq	2023-07-29 12:10:39.57403+00
66	core	0008_alter_faq_options	2023-07-29 12:10:39.574807+00
67	core	0009_alter_faq_answer_alter_news_content	2023-07-29 12:10:39.575604+00
68	core	0010_alter_news_posted_at	2023-07-29 12:10:39.576344+00
69	core	0002_news_slug	2023-07-29 12:10:39.58945+00
70	core	0003_alter_news_slug	2023-07-29 12:10:39.615139+00
71	core	0004_alter_news_slug	2023-07-29 12:10:39.625983+00
72	distancefield	0001_initial	2023-07-29 12:10:39.641042+00
73	distancefield	0002_testmodel_no_unit_field	2023-07-29 12:10:39.642987+00
74	distancefield	0003_distancefieldtestmodel_delete_testmodel	2023-07-29 12:10:39.664314+00
75	logger	0023_trip_cave_coordinates_trip_cave_location	2023-07-29 12:10:39.682775+00
76	logger	0024_alter_trip_cave_location	2023-07-29 12:10:39.690904+00
77	logger	0025_remove_trip_cave_url	2023-07-29 12:10:39.698551+00
78	logger	0026_alter_trip_cave_location	2023-07-29 12:10:39.706078+00
79	mailer	0001_initial	2023-07-29 12:10:39.743516+00
80	mailer	0002_auto_20150720_1433	2023-07-29 12:10:39.74509+00
81	mailer	0003_messagelog_message_id	2023-07-29 12:10:39.746706+00
82	mailer	0004_auto_20190920_1512	2023-07-29 12:10:39.774869+00
83	mailer	0005_id_bigautofield	2023-07-29 12:10:39.840771+00
84	sessions	0001_initial	2023-07-29 12:10:39.88241+00
85	users	0002_remove_userprofile_avatar_cavinguser_allow_comments_and_more	2023-07-29 12:10:40.006601+00
86	users	0003_copy_profile_and_settings_data_to_user_model	2023-07-29 12:10:40.048542+00
87	users	0004_remove_usersettings_user_delete_userprofile_and_more	2023-07-29 12:10:40.062278+00
88	users	0005_alter_cavinguser_name	2023-07-29 12:10:40.091295+00
89	users	0006_alter_cavinguser_clubs	2023-07-29 12:10:40.099071+00
90	users	0007_cavinguser_feed_sorting	2023-07-29 12:10:40.106531+00
91	users	0008_rename_feed_sorting_cavinguser_feed_ordering	2023-07-29 12:10:40.114873+00
92	users	0009_alter_cavinguser_feed_ordering	2023-07-29 12:10:40.122277+00
93	users	0010_cavinguser_avatar	2023-07-29 12:10:40.130575+00
94	users	0011_alter_cavinguser_avatar	2023-07-29 12:10:40.13829+00
95	users	0012_cavinguser_add_uuid	2023-07-29 12:10:40.146513+00
96	users	0013_cavinguser_generate_uuid	2023-07-29 12:10:40.16067+00
97	users	0014_cavinguser_set_uuid_unique	2023-07-29 12:10:40.173238+00
98	users	0015_alter_cavinguser_uuid	2023-07-29 12:10:40.18094+00
99	users	0016_alter_cavinguser_avatar	2023-07-29 12:10:40.188474+00
100	users	0017_alter_cavinguser_bio	2023-07-29 12:10:40.196396+00
101	users	0018_cavinguser_disable_distance_statistics	2023-07-29 12:10:40.20407+00
102	users	0019_alter_cavinguser_disable_distance_statistics	2023-07-29 12:10:40.211391+00
103	users	0020_cavinguser_disable_survey_statistics_and_more	2023-07-29 12:10:40.228062+00
104	users	0021_cavinguser_show_cavers_on_trip_list_and_more	2023-07-29 12:10:40.242457+00
105	users	0022_alter_cavinguser_private_notes_and_more	2023-07-29 12:10:40.256797+00
106	users	0023_cavinguser_custom_field_1_label_and_more	2023-07-29 12:10:40.322314+00
107	users	0024_alter_cavinguser_custom_field_1_label_and_more	2023-07-29 12:10:40.354814+00
108	users	0025_cavinguser_email_friend_requests	2023-07-29 12:10:40.362997+00
109	users	0026_alter_notification_user	2023-07-29 12:10:40.370002+00
110	users	0027_cavinguser_disable_stats_over_time	2023-07-29 12:10:40.377685+00
111	users	0028_alter_cavinguser_public_statistics	2023-07-29 12:10:40.384691+00
112	users	0029_cavinguser_email_comments	2023-07-29 12:10:40.39295+00
113	users	0030_alter_cavinguser_email_comments_and_more	2023-07-29 12:10:40.406938+00
114	users	0031_cavinguser_has_mod_perms	2023-07-29 12:10:40.415772+00
115	users	0032_alter_cavinguser_show_cavers_on_trip_list	2023-07-29 12:10:40.423476+00
116	users	0033_cavinguser_has_verified_email	2023-07-29 12:10:40.441852+00
117	core	0001_squash_all_core	2023-07-29 12:10:40.444917+00
118	logger	0001_squash_all_logger	2023-07-29 12:10:40.446017+00
\.


--
-- Data for Name: django_session; Type: TABLE DATA; Schema: public; Owner: postgres
--

COPY public.django_session (session_key, session_data, expire_date) FROM stdin;
\.


--
-- Data for Name: logger_trip; Type: TABLE DATA; Schema: public; Owner: postgres
--

COPY public.logger_trip (id, privacy, cave_name, cave_region, cave_country, start, "end", type, cavers, clubs, expedition, added, updated, horizontal_dist, vert_dist_down, vert_dist_up, surveyed_dist, aid_dist, notes, user_id, aid_dist_units, horizontal_dist_units, surveyed_dist_units, vert_dist_down_units, vert_dist_up_units, resurveyed_dist, resurveyed_dist_units, duration, duration_str, cave_entrance, cave_exit, uuid, custom_field_1, custom_field_2, custom_field_3, custom_field_4, custom_field_5, private_photos, cave_coordinates, cave_location) FROM stdin;
\.


--
-- Data for Name: logger_trip_likes; Type: TABLE DATA; Schema: public; Owner: postgres
--

COPY public.logger_trip_likes (id, trip_id, cavinguser_id) FROM stdin;
\.


--
-- Data for Name: logger_tripphoto; Type: TABLE DATA; Schema: public; Owner: postgres
--

COPY public.logger_tripphoto (id, uuid, photo, caption, added, updated, trip_id, user_id, is_valid, taken, deleted_at, filesize) FROM stdin;
\.


--
-- Data for Name: logger_tripreport; Type: TABLE DATA; Schema: public; Owner: postgres
--

COPY public.logger_tripreport (trip_id, title, pub_date, slug, content, added, updated, privacy, user_id) FROM stdin;
\.


--
-- Data for Name: logger_tripreport_likes; Type: TABLE DATA; Schema: public; Owner: postgres
--

COPY public.logger_tripreport_likes (id, tripreport_id, cavinguser_id) FROM stdin;
\.


--
-- Data for Name: mailer_dontsendentry; Type: TABLE DATA; Schema: public; Owner: postgres
--

COPY public.mailer_dontsendentry (id, to_address, when_added) FROM stdin;
\.


--
-- Data for Name: mailer_message; Type: TABLE DATA; Schema: public; Owner: postgres
--

COPY public.mailer_message (id, message_data, when_added, priority) FROM stdin;
\.


--
-- Data for Name: mailer_messagelog; Type: TABLE DATA; Schema: public; Owner: postgres
--

COPY public.mailer_messagelog (id, message_data, when_added, priority, when_attempted, result, log_message, message_id) FROM stdin;
\.


--
-- Data for Name: spatial_ref_sys; Type: TABLE DATA; Schema: public; Owner: postgres
--

COPY public.spatial_ref_sys (srid, auth_name, auth_srid, srtext, proj4text) FROM stdin;
\.


--
-- Data for Name: users_cavinguser; Type: TABLE DATA; Schema: public; Owner: postgres
--

COPY public.users_cavinguser (id, password, last_login, is_superuser, email, username, is_active, date_joined, last_seen, name, allow_comments, allow_friend_email, allow_friend_username, bio, clubs, country, location, page_title, privacy, private_notes, public_statistics, timezone, units, feed_ordering, avatar, uuid, disable_distance_statistics, disable_survey_statistics, show_cavers_on_trip_list, custom_field_1_label, custom_field_2_label, custom_field_3_label, custom_field_4_label, custom_field_5_label, email_friend_requests, disable_stats_over_time, email_comments, has_mod_perms, has_verified_email) FROM stdin;
1	pbkdf2_sha256$600000$uX0gKlBMYFqeGcH0PXdwrI$ZhhTsNZQOA+088Jgh4a5fGajB1OFEmoXSaM2E7vR5lw=	\N	t	admin@caves.app	admin	t	2023-07-29 12:10:55.796575+00	2023-07-29 12:10:55.615469+00	John Caver	t	f	t						Private	t	t	Europe/London	Metric	-added		e732f636-4b9f-47da-afe3-ec58e1835951	f	f	f						t	f	t	f	t
\.


--
-- Data for Name: users_cavinguser_friends; Type: TABLE DATA; Schema: public; Owner: postgres
--

COPY public.users_cavinguser_friends (id, from_cavinguser_id, to_cavinguser_id) FROM stdin;
\.


--
-- Data for Name: users_cavinguser_groups; Type: TABLE DATA; Schema: public; Owner: postgres
--

COPY public.users_cavinguser_groups (id, cavinguser_id, group_id) FROM stdin;
\.


--
-- Data for Name: users_cavinguser_user_permissions; Type: TABLE DATA; Schema: public; Owner: postgres
--

COPY public.users_cavinguser_user_permissions (id, cavinguser_id, permission_id) FROM stdin;
\.


--
-- Data for Name: users_friendrequest; Type: TABLE DATA; Schema: public; Owner: postgres
--

COPY public.users_friendrequest (id, created, user_from_id, user_to_id) FROM stdin;
\.


--
-- Data for Name: users_notification; Type: TABLE DATA; Schema: public; Owner: postgres
--

COPY public.users_notification (id, message, url, read, added, user_id) FROM stdin;
\.


--
-- Name: auth_group_id_seq; Type: SEQUENCE SET; Schema: public; Owner: postgres
--

SELECT pg_catalog.setval('public.auth_group_id_seq', 1, false);


--
-- Name: auth_group_permissions_id_seq; Type: SEQUENCE SET; Schema: public; Owner: postgres
--

SELECT pg_catalog.setval('public.auth_group_permissions_id_seq', 1, false);


--
-- Name: auth_permission_id_seq; Type: SEQUENCE SET; Schema: public; Owner: postgres
--

SELECT pg_catalog.setval('public.auth_permission_id_seq', 72, true);


--
-- Name: comments_comment_id_seq; Type: SEQUENCE SET; Schema: public; Owner: postgres
--

SELECT pg_catalog.setval('public.comments_comment_id_seq', 1, false);


--
-- Name: core_faq_id_seq; Type: SEQUENCE SET; Schema: public; Owner: postgres
--

SELECT pg_catalog.setval('public.core_faq_id_seq', 1, false);


--
-- Name: core_news_id_seq; Type: SEQUENCE SET; Schema: public; Owner: postgres
--

SELECT pg_catalog.setval('public.core_news_id_seq', 1, false);


--
-- Name: distancefield_distancefieldtestmodel_id_seq; Type: SEQUENCE SET; Schema: public; Owner: postgres
--

SELECT pg_catalog.setval('public.distancefield_distancefieldtestmodel_id_seq', 1, false);


--
-- Name: django_admin_log_id_seq; Type: SEQUENCE SET; Schema: public; Owner: postgres
--

SELECT pg_catalog.setval('public.django_admin_log_id_seq', 1, false);


--
-- Name: django_content_type_id_seq; Type: SEQUENCE SET; Schema: public; Owner: postgres
--

SELECT pg_catalog.setval('public.django_content_type_id_seq', 18, true);


--
-- Name: django_migrations_id_seq; Type: SEQUENCE SET; Schema: public; Owner: postgres
--

SELECT pg_catalog.setval('public.django_migrations_id_seq', 118, true);


--
-- Name: logger_trip_id_seq; Type: SEQUENCE SET; Schema: public; Owner: postgres
--

SELECT pg_catalog.setval('public.logger_trip_id_seq', 1, false);


--
-- Name: logger_trip_likes_id_seq; Type: SEQUENCE SET; Schema: public; Owner: postgres
--

SELECT pg_catalog.setval('public.logger_trip_likes_id_seq', 1, false);


--
-- Name: logger_tripphoto_id_seq; Type: SEQUENCE SET; Schema: public; Owner: postgres
--

SELECT pg_catalog.setval('public.logger_tripphoto_id_seq', 1, false);


--
-- Name: logger_tripreport_likes_id_seq; Type: SEQUENCE SET; Schema: public; Owner: postgres
--

SELECT pg_catalog.setval('public.logger_tripreport_likes_id_seq', 1, false);


--
-- Name: mailer_dontsendentry_id_seq; Type: SEQUENCE SET; Schema: public; Owner: postgres
--

SELECT pg_catalog.setval('public.mailer_dontsendentry_id_seq', 1, false);


--
-- Name: mailer_message_id_seq; Type: SEQUENCE SET; Schema: public; Owner: postgres
--

SELECT pg_catalog.setval('public.mailer_message_id_seq', 1, false);


--
-- Name: mailer_messagelog_id_seq; Type: SEQUENCE SET; Schema: public; Owner: postgres
--

SELECT pg_catalog.setval('public.mailer_messagelog_id_seq', 1, false);


--
-- Name: users_cavinguser_friends_id_seq; Type: SEQUENCE SET; Schema: public; Owner: postgres
--

SELECT pg_catalog.setval('public.users_cavinguser_friends_id_seq', 1, false);


--
-- Name: users_cavinguser_groups_id_seq; Type: SEQUENCE SET; Schema: public; Owner: postgres
--

SELECT pg_catalog.setval('public.users_cavinguser_groups_id_seq', 1, false);


--
-- Name: users_cavinguser_id_seq; Type: SEQUENCE SET; Schema: public; Owner: postgres
--

SELECT pg_catalog.setval('public.users_cavinguser_id_seq', 1, true);


--
-- Name: users_cavinguser_user_permissions_id_seq; Type: SEQUENCE SET; Schema: public; Owner: postgres
--

SELECT pg_catalog.setval('public.users_cavinguser_user_permissions_id_seq', 1, false);


--
-- Name: users_friendrequest_id_seq; Type: SEQUENCE SET; Schema: public; Owner: postgres
--

SELECT pg_catalog.setval('public.users_friendrequest_id_seq', 1, false);


--
-- Name: users_notification_id_seq; Type: SEQUENCE SET; Schema: public; Owner: postgres
--

SELECT pg_catalog.setval('public.users_notification_id_seq', 1, false);


--
-- Name: auth_group auth_group_name_key; Type: CONSTRAINT; Schema: public; Owner: postgres
--

ALTER TABLE ONLY public.auth_group
    ADD CONSTRAINT auth_group_name_key UNIQUE (name);


--
-- Name: auth_group_permissions auth_group_permissions_group_id_permission_id_0cd325b0_uniq; Type: CONSTRAINT; Schema: public; Owner: postgres
--

ALTER TABLE ONLY public.auth_group_permissions
    ADD CONSTRAINT auth_group_permissions_group_id_permission_id_0cd325b0_uniq UNIQUE (group_id, permission_id);


--
-- Name: auth_group_permissions auth_group_permissions_pkey; Type: CONSTRAINT; Schema: public; Owner: postgres
--

ALTER TABLE ONLY public.auth_group_permissions
    ADD CONSTRAINT auth_group_permissions_pkey PRIMARY KEY (id);


--
-- Name: auth_group auth_group_pkey; Type: CONSTRAINT; Schema: public; Owner: postgres
--

ALTER TABLE ONLY public.auth_group
    ADD CONSTRAINT auth_group_pkey PRIMARY KEY (id);


--
-- Name: auth_permission auth_permission_content_type_id_codename_01ab375a_uniq; Type: CONSTRAINT; Schema: public; Owner: postgres
--

ALTER TABLE ONLY public.auth_permission
    ADD CONSTRAINT auth_permission_content_type_id_codename_01ab375a_uniq UNIQUE (content_type_id, codename);


--
-- Name: auth_permission auth_permission_pkey; Type: CONSTRAINT; Schema: public; Owner: postgres
--

ALTER TABLE ONLY public.auth_permission
    ADD CONSTRAINT auth_permission_pkey PRIMARY KEY (id);


--
-- Name: comments_comment comments_comment_pkey; Type: CONSTRAINT; Schema: public; Owner: postgres
--

ALTER TABLE ONLY public.comments_comment
    ADD CONSTRAINT comments_comment_pkey PRIMARY KEY (id);


--
-- Name: comments_comment comments_comment_uuid_key; Type: CONSTRAINT; Schema: public; Owner: postgres
--

ALTER TABLE ONLY public.comments_comment
    ADD CONSTRAINT comments_comment_uuid_key UNIQUE (uuid);


--
-- Name: core_faq core_faq_pkey; Type: CONSTRAINT; Schema: public; Owner: postgres
--

ALTER TABLE ONLY public.core_faq
    ADD CONSTRAINT core_faq_pkey PRIMARY KEY (id);


--
-- Name: core_news core_news_pkey; Type: CONSTRAINT; Schema: public; Owner: postgres
--

ALTER TABLE ONLY public.core_news
    ADD CONSTRAINT core_news_pkey PRIMARY KEY (id);


--
-- Name: core_news core_news_slug_98cd0ad2_uniq; Type: CONSTRAINT; Schema: public; Owner: postgres
--

ALTER TABLE ONLY public.core_news
    ADD CONSTRAINT core_news_slug_98cd0ad2_uniq UNIQUE (slug);


--
-- Name: distancefield_distancefieldtestmodel distancefield_distancefieldtestmodel_name_key; Type: CONSTRAINT; Schema: public; Owner: postgres
--

ALTER TABLE ONLY public.distancefield_distancefieldtestmodel
    ADD CONSTRAINT distancefield_distancefieldtestmodel_name_key UNIQUE (name);


--
-- Name: distancefield_distancefieldtestmodel distancefield_distancefieldtestmodel_pkey; Type: CONSTRAINT; Schema: public; Owner: postgres
--

ALTER TABLE ONLY public.distancefield_distancefieldtestmodel
    ADD CONSTRAINT distancefield_distancefieldtestmodel_pkey PRIMARY KEY (id);


--
-- Name: django_admin_log django_admin_log_pkey; Type: CONSTRAINT; Schema: public; Owner: postgres
--

ALTER TABLE ONLY public.django_admin_log
    ADD CONSTRAINT django_admin_log_pkey PRIMARY KEY (id);


--
-- Name: django_content_type django_content_type_app_label_model_76bd3d3b_uniq; Type: CONSTRAINT; Schema: public; Owner: postgres
--

ALTER TABLE ONLY public.django_content_type
    ADD CONSTRAINT django_content_type_app_label_model_76bd3d3b_uniq UNIQUE (app_label, model);


--
-- Name: django_content_type django_content_type_pkey; Type: CONSTRAINT; Schema: public; Owner: postgres
--

ALTER TABLE ONLY public.django_content_type
    ADD CONSTRAINT django_content_type_pkey PRIMARY KEY (id);


--
-- Name: django_migrations django_migrations_pkey; Type: CONSTRAINT; Schema: public; Owner: postgres
--

ALTER TABLE ONLY public.django_migrations
    ADD CONSTRAINT django_migrations_pkey PRIMARY KEY (id);


--
-- Name: django_session django_session_pkey; Type: CONSTRAINT; Schema: public; Owner: postgres
--

ALTER TABLE ONLY public.django_session
    ADD CONSTRAINT django_session_pkey PRIMARY KEY (session_key);


--
-- Name: logger_trip_likes logger_trip_likes_pkey; Type: CONSTRAINT; Schema: public; Owner: postgres
--

ALTER TABLE ONLY public.logger_trip_likes
    ADD CONSTRAINT logger_trip_likes_pkey PRIMARY KEY (id);


--
-- Name: logger_trip_likes logger_trip_likes_trip_id_cavinguser_id_3654cd62_uniq; Type: CONSTRAINT; Schema: public; Owner: postgres
--

ALTER TABLE ONLY public.logger_trip_likes
    ADD CONSTRAINT logger_trip_likes_trip_id_cavinguser_id_3654cd62_uniq UNIQUE (trip_id, cavinguser_id);


--
-- Name: logger_trip logger_trip_pkey; Type: CONSTRAINT; Schema: public; Owner: postgres
--

ALTER TABLE ONLY public.logger_trip
    ADD CONSTRAINT logger_trip_pkey PRIMARY KEY (id);


--
-- Name: logger_trip logger_trip_uuid_e4a53771_uniq; Type: CONSTRAINT; Schema: public; Owner: postgres
--

ALTER TABLE ONLY public.logger_trip
    ADD CONSTRAINT logger_trip_uuid_e4a53771_uniq UNIQUE (uuid);


--
-- Name: logger_tripphoto logger_tripphoto_pkey; Type: CONSTRAINT; Schema: public; Owner: postgres
--

ALTER TABLE ONLY public.logger_tripphoto
    ADD CONSTRAINT logger_tripphoto_pkey PRIMARY KEY (id);


--
-- Name: logger_tripphoto logger_tripphoto_uuid_key; Type: CONSTRAINT; Schema: public; Owner: postgres
--

ALTER TABLE ONLY public.logger_tripphoto
    ADD CONSTRAINT logger_tripphoto_uuid_key UNIQUE (uuid);


--
-- Name: logger_tripreport_likes logger_tripreport_likes_pkey; Type: CONSTRAINT; Schema: public; Owner: postgres
--

ALTER TABLE ONLY public.logger_tripreport_likes
    ADD CONSTRAINT logger_tripreport_likes_pkey PRIMARY KEY (id);


--
-- Name: logger_tripreport_likes logger_tripreport_likes_tripreport_id_cavinguser_e42be7a9_uniq; Type: CONSTRAINT; Schema: public; Owner: postgres
--

ALTER TABLE ONLY public.logger_tripreport_likes
    ADD CONSTRAINT logger_tripreport_likes_tripreport_id_cavinguser_e42be7a9_uniq UNIQUE (tripreport_id, cavinguser_id);


--
-- Name: logger_tripreport logger_tripreport_pkey; Type: CONSTRAINT; Schema: public; Owner: postgres
--

ALTER TABLE ONLY public.logger_tripreport
    ADD CONSTRAINT logger_tripreport_pkey PRIMARY KEY (trip_id);


--
-- Name: mailer_dontsendentry mailer_dontsendentry_pkey; Type: CONSTRAINT; Schema: public; Owner: postgres
--

ALTER TABLE ONLY public.mailer_dontsendentry
    ADD CONSTRAINT mailer_dontsendentry_pkey PRIMARY KEY (id);


--
-- Name: mailer_message mailer_message_pkey; Type: CONSTRAINT; Schema: public; Owner: postgres
--

ALTER TABLE ONLY public.mailer_message
    ADD CONSTRAINT mailer_message_pkey PRIMARY KEY (id);


--
-- Name: mailer_messagelog mailer_messagelog_pkey; Type: CONSTRAINT; Schema: public; Owner: postgres
--

ALTER TABLE ONLY public.mailer_messagelog
    ADD CONSTRAINT mailer_messagelog_pkey PRIMARY KEY (id);


--
-- Name: users_friendrequest unique_friend_request; Type: CONSTRAINT; Schema: public; Owner: postgres
--

ALTER TABLE ONLY public.users_friendrequest
    ADD CONSTRAINT unique_friend_request UNIQUE (user_from_id, user_to_id);


--
-- Name: logger_tripreport unique_slug_per_user; Type: CONSTRAINT; Schema: public; Owner: postgres
--

ALTER TABLE ONLY public.logger_tripreport
    ADD CONSTRAINT unique_slug_per_user UNIQUE (user_id, slug);


--
-- Name: users_cavinguser users_cavinguser_email_key; Type: CONSTRAINT; Schema: public; Owner: postgres
--

ALTER TABLE ONLY public.users_cavinguser
    ADD CONSTRAINT users_cavinguser_email_key UNIQUE (email);


--
-- Name: users_cavinguser_friends users_cavinguser_friends_from_cavinguser_id_to_ca_b11d8560_uniq; Type: CONSTRAINT; Schema: public; Owner: postgres
--

ALTER TABLE ONLY public.users_cavinguser_friends
    ADD CONSTRAINT users_cavinguser_friends_from_cavinguser_id_to_ca_b11d8560_uniq UNIQUE (from_cavinguser_id, to_cavinguser_id);


--
-- Name: users_cavinguser_friends users_cavinguser_friends_pkey; Type: CONSTRAINT; Schema: public; Owner: postgres
--

ALTER TABLE ONLY public.users_cavinguser_friends
    ADD CONSTRAINT users_cavinguser_friends_pkey PRIMARY KEY (id);


--
-- Name: users_cavinguser_groups users_cavinguser_groups_cavinguser_id_group_id_93a15dce_uniq; Type: CONSTRAINT; Schema: public; Owner: postgres
--

ALTER TABLE ONLY public.users_cavinguser_groups
    ADD CONSTRAINT users_cavinguser_groups_cavinguser_id_group_id_93a15dce_uniq UNIQUE (cavinguser_id, group_id);


--
-- Name: users_cavinguser_groups users_cavinguser_groups_pkey; Type: CONSTRAINT; Schema: public; Owner: postgres
--

ALTER TABLE ONLY public.users_cavinguser_groups
    ADD CONSTRAINT users_cavinguser_groups_pkey PRIMARY KEY (id);


--
-- Name: users_cavinguser users_cavinguser_pkey; Type: CONSTRAINT; Schema: public; Owner: postgres
--

ALTER TABLE ONLY public.users_cavinguser
    ADD CONSTRAINT users_cavinguser_pkey PRIMARY KEY (id);


--
-- Name: users_cavinguser_user_permissions users_cavinguser_user_pe_cavinguser_id_permission_36bcd10b_uniq; Type: CONSTRAINT; Schema: public; Owner: postgres
--

ALTER TABLE ONLY public.users_cavinguser_user_permissions
    ADD CONSTRAINT users_cavinguser_user_pe_cavinguser_id_permission_36bcd10b_uniq UNIQUE (cavinguser_id, permission_id);


--
-- Name: users_cavinguser_user_permissions users_cavinguser_user_permissions_pkey; Type: CONSTRAINT; Schema: public; Owner: postgres
--

ALTER TABLE ONLY public.users_cavinguser_user_permissions
    ADD CONSTRAINT users_cavinguser_user_permissions_pkey PRIMARY KEY (id);


--
-- Name: users_cavinguser users_cavinguser_username_key; Type: CONSTRAINT; Schema: public; Owner: postgres
--

ALTER TABLE ONLY public.users_cavinguser
    ADD CONSTRAINT users_cavinguser_username_key UNIQUE (username);


--
-- Name: users_cavinguser users_cavinguser_uuid_abf320f3_uniq; Type: CONSTRAINT; Schema: public; Owner: postgres
--

ALTER TABLE ONLY public.users_cavinguser
    ADD CONSTRAINT users_cavinguser_uuid_abf320f3_uniq UNIQUE (uuid);


--
-- Name: users_friendrequest users_friendrequest_pkey; Type: CONSTRAINT; Schema: public; Owner: postgres
--

ALTER TABLE ONLY public.users_friendrequest
    ADD CONSTRAINT users_friendrequest_pkey PRIMARY KEY (id);


--
-- Name: users_notification users_notification_pkey; Type: CONSTRAINT; Schema: public; Owner: postgres
--

ALTER TABLE ONLY public.users_notification
    ADD CONSTRAINT users_notification_pkey PRIMARY KEY (id);


--
-- Name: auth_group_name_a6ea08ec_like; Type: INDEX; Schema: public; Owner: postgres
--

CREATE INDEX auth_group_name_a6ea08ec_like ON public.auth_group USING btree (name varchar_pattern_ops);


--
-- Name: auth_group_permissions_group_id_b120cbf9; Type: INDEX; Schema: public; Owner: postgres
--

CREATE INDEX auth_group_permissions_group_id_b120cbf9 ON public.auth_group_permissions USING btree (group_id);


--
-- Name: auth_group_permissions_permission_id_84c5c92e; Type: INDEX; Schema: public; Owner: postgres
--

CREATE INDEX auth_group_permissions_permission_id_84c5c92e ON public.auth_group_permissions USING btree (permission_id);


--
-- Name: auth_permission_content_type_id_2f476e4b; Type: INDEX; Schema: public; Owner: postgres
--

CREATE INDEX auth_permission_content_type_id_2f476e4b ON public.auth_permission USING btree (content_type_id);


--
-- Name: comments_comment_author_id_334ce9e2; Type: INDEX; Schema: public; Owner: postgres
--

CREATE INDEX comments_comment_author_id_334ce9e2 ON public.comments_comment USING btree (author_id);


--
-- Name: comments_comment_trip_id_fa6a74ed; Type: INDEX; Schema: public; Owner: postgres
--

CREATE INDEX comments_comment_trip_id_fa6a74ed ON public.comments_comment USING btree (trip_id);


--
-- Name: core_faq_author_id_e8415dab; Type: INDEX; Schema: public; Owner: postgres
--

CREATE INDEX core_faq_author_id_e8415dab ON public.core_faq USING btree (author_id);


--
-- Name: core_news_author_id_8287a902; Type: INDEX; Schema: public; Owner: postgres
--

CREATE INDEX core_news_author_id_8287a902 ON public.core_news USING btree (author_id);


--
-- Name: core_news_slug_98cd0ad2_like; Type: INDEX; Schema: public; Owner: postgres
--

CREATE INDEX core_news_slug_98cd0ad2_like ON public.core_news USING btree (slug varchar_pattern_ops);


--
-- Name: distancefield_distancefieldtestmodel_name_7c2cca42_like; Type: INDEX; Schema: public; Owner: postgres
--

CREATE INDEX distancefield_distancefieldtestmodel_name_7c2cca42_like ON public.distancefield_distancefieldtestmodel USING btree (name varchar_pattern_ops);


--
-- Name: django_admin_log_content_type_id_c4bce8eb; Type: INDEX; Schema: public; Owner: postgres
--

CREATE INDEX django_admin_log_content_type_id_c4bce8eb ON public.django_admin_log USING btree (content_type_id);


--
-- Name: django_admin_log_user_id_c564eba6; Type: INDEX; Schema: public; Owner: postgres
--

CREATE INDEX django_admin_log_user_id_c564eba6 ON public.django_admin_log USING btree (user_id);


--
-- Name: django_session_expire_date_a5c62663; Type: INDEX; Schema: public; Owner: postgres
--

CREATE INDEX django_session_expire_date_a5c62663 ON public.django_session USING btree (expire_date);


--
-- Name: django_session_session_key_c0390e0f_like; Type: INDEX; Schema: public; Owner: postgres
--

CREATE INDEX django_session_session_key_c0390e0f_like ON public.django_session USING btree (session_key varchar_pattern_ops);


--
-- Name: logger_trip_cave_coordinates_dcd67395_id; Type: INDEX; Schema: public; Owner: postgres
--

CREATE INDEX logger_trip_cave_coordinates_dcd67395_id ON public.logger_trip USING gist (cave_coordinates);


--
-- Name: logger_trip_likes_cavinguser_id_3d7f4c4c; Type: INDEX; Schema: public; Owner: postgres
--

CREATE INDEX logger_trip_likes_cavinguser_id_3d7f4c4c ON public.logger_trip_likes USING btree (cavinguser_id);


--
-- Name: logger_trip_likes_trip_id_bd120d11; Type: INDEX; Schema: public; Owner: postgres
--

CREATE INDEX logger_trip_likes_trip_id_bd120d11 ON public.logger_trip_likes USING btree (trip_id);


--
-- Name: logger_trip_user_id_ce8630b9; Type: INDEX; Schema: public; Owner: postgres
--

CREATE INDEX logger_trip_user_id_ce8630b9 ON public.logger_trip USING btree (user_id);


--
-- Name: logger_tripphoto_trip_id_9cbf2ee3; Type: INDEX; Schema: public; Owner: postgres
--

CREATE INDEX logger_tripphoto_trip_id_9cbf2ee3 ON public.logger_tripphoto USING btree (trip_id);


--
-- Name: logger_tripphoto_user_id_033d4c48; Type: INDEX; Schema: public; Owner: postgres
--

CREATE INDEX logger_tripphoto_user_id_033d4c48 ON public.logger_tripphoto USING btree (user_id);


--
-- Name: logger_tripreport_likes_cavinguser_id_0896c406; Type: INDEX; Schema: public; Owner: postgres
--

CREATE INDEX logger_tripreport_likes_cavinguser_id_0896c406 ON public.logger_tripreport_likes USING btree (cavinguser_id);


--
-- Name: logger_tripreport_likes_tripreport_id_bc81fef7; Type: INDEX; Schema: public; Owner: postgres
--

CREATE INDEX logger_tripreport_likes_tripreport_id_bc81fef7 ON public.logger_tripreport_likes USING btree (tripreport_id);


--
-- Name: logger_tripreport_slug_0d801204; Type: INDEX; Schema: public; Owner: postgres
--

CREATE INDEX logger_tripreport_slug_0d801204 ON public.logger_tripreport USING btree (slug);


--
-- Name: logger_tripreport_slug_0d801204_like; Type: INDEX; Schema: public; Owner: postgres
--

CREATE INDEX logger_tripreport_slug_0d801204_like ON public.logger_tripreport USING btree (slug varchar_pattern_ops);


--
-- Name: logger_tripreport_user_id_c1c60a53; Type: INDEX; Schema: public; Owner: postgres
--

CREATE INDEX logger_tripreport_user_id_c1c60a53 ON public.logger_tripreport USING btree (user_id);


--
-- Name: mailer_messagelog_priority_5e712cf3; Type: INDEX; Schema: public; Owner: postgres
--

CREATE INDEX mailer_messagelog_priority_5e712cf3 ON public.mailer_messagelog USING btree (priority);


--
-- Name: mailer_messagelog_when_added_627461e6; Type: INDEX; Schema: public; Owner: postgres
--

CREATE INDEX mailer_messagelog_when_added_627461e6 ON public.mailer_messagelog USING btree (when_added);


--
-- Name: users_cavinguser_email_94ca5808_like; Type: INDEX; Schema: public; Owner: postgres
--

CREATE INDEX users_cavinguser_email_94ca5808_like ON public.users_cavinguser USING btree (email varchar_pattern_ops);


--
-- Name: users_cavinguser_friends_from_cavinguser_id_de64afc9; Type: INDEX; Schema: public; Owner: postgres
--

CREATE INDEX users_cavinguser_friends_from_cavinguser_id_de64afc9 ON public.users_cavinguser_friends USING btree (from_cavinguser_id);


--
-- Name: users_cavinguser_friends_to_cavinguser_id_2711cf38; Type: INDEX; Schema: public; Owner: postgres
--

CREATE INDEX users_cavinguser_friends_to_cavinguser_id_2711cf38 ON public.users_cavinguser_friends USING btree (to_cavinguser_id);


--
-- Name: users_cavinguser_groups_cavinguser_id_19afa393; Type: INDEX; Schema: public; Owner: postgres
--

CREATE INDEX users_cavinguser_groups_cavinguser_id_19afa393 ON public.users_cavinguser_groups USING btree (cavinguser_id);


--
-- Name: users_cavinguser_groups_group_id_73e2de0f; Type: INDEX; Schema: public; Owner: postgres
--

CREATE INDEX users_cavinguser_groups_group_id_73e2de0f ON public.users_cavinguser_groups USING btree (group_id);


--
-- Name: users_cavinguser_user_permissions_cavinguser_id_17f483d5; Type: INDEX; Schema: public; Owner: postgres
--

CREATE INDEX users_cavinguser_user_permissions_cavinguser_id_17f483d5 ON public.users_cavinguser_user_permissions USING btree (cavinguser_id);


--
-- Name: users_cavinguser_user_permissions_permission_id_0fb41e0d; Type: INDEX; Schema: public; Owner: postgres
--

CREATE INDEX users_cavinguser_user_permissions_permission_id_0fb41e0d ON public.users_cavinguser_user_permissions USING btree (permission_id);


--
-- Name: users_cavinguser_username_c73822da_like; Type: INDEX; Schema: public; Owner: postgres
--

CREATE INDEX users_cavinguser_username_c73822da_like ON public.users_cavinguser USING btree (username varchar_pattern_ops);


--
-- Name: users_friendrequest_user_from_id_0b5299e3; Type: INDEX; Schema: public; Owner: postgres
--

CREATE INDEX users_friendrequest_user_from_id_0b5299e3 ON public.users_friendrequest USING btree (user_from_id);


--
-- Name: users_friendrequest_user_to_id_79c49f4c; Type: INDEX; Schema: public; Owner: postgres
--

CREATE INDEX users_friendrequest_user_to_id_79c49f4c ON public.users_friendrequest USING btree (user_to_id);


--
-- Name: users_notification_user_id_fed360c8; Type: INDEX; Schema: public; Owner: postgres
--

CREATE INDEX users_notification_user_id_fed360c8 ON public.users_notification USING btree (user_id);


--
-- Name: auth_group_permissions auth_group_permissio_permission_id_84c5c92e_fk_auth_perm; Type: FK CONSTRAINT; Schema: public; Owner: postgres
--

ALTER TABLE ONLY public.auth_group_permissions
    ADD CONSTRAINT auth_group_permissio_permission_id_84c5c92e_fk_auth_perm FOREIGN KEY (permission_id) REFERENCES public.auth_permission(id) DEFERRABLE INITIALLY DEFERRED;


--
-- Name: auth_group_permissions auth_group_permissions_group_id_b120cbf9_fk_auth_group_id; Type: FK CONSTRAINT; Schema: public; Owner: postgres
--

ALTER TABLE ONLY public.auth_group_permissions
    ADD CONSTRAINT auth_group_permissions_group_id_b120cbf9_fk_auth_group_id FOREIGN KEY (group_id) REFERENCES public.auth_group(id) DEFERRABLE INITIALLY DEFERRED;


--
-- Name: auth_permission auth_permission_content_type_id_2f476e4b_fk_django_co; Type: FK CONSTRAINT; Schema: public; Owner: postgres
--

ALTER TABLE ONLY public.auth_permission
    ADD CONSTRAINT auth_permission_content_type_id_2f476e4b_fk_django_co FOREIGN KEY (content_type_id) REFERENCES public.django_content_type(id) DEFERRABLE INITIALLY DEFERRED;


--
-- Name: comments_comment comments_comment_author_id_334ce9e2_fk_users_cavinguser_id; Type: FK CONSTRAINT; Schema: public; Owner: postgres
--

ALTER TABLE ONLY public.comments_comment
    ADD CONSTRAINT comments_comment_author_id_334ce9e2_fk_users_cavinguser_id FOREIGN KEY (author_id) REFERENCES public.users_cavinguser(id) DEFERRABLE INITIALLY DEFERRED;


--
-- Name: comments_comment comments_comment_trip_id_fa6a74ed_fk_logger_trip_id; Type: FK CONSTRAINT; Schema: public; Owner: postgres
--

ALTER TABLE ONLY public.comments_comment
    ADD CONSTRAINT comments_comment_trip_id_fa6a74ed_fk_logger_trip_id FOREIGN KEY (trip_id) REFERENCES public.logger_trip(id) DEFERRABLE INITIALLY DEFERRED;


--
-- Name: core_faq core_faq_author_id_e8415dab_fk_users_cavinguser_id; Type: FK CONSTRAINT; Schema: public; Owner: postgres
--

ALTER TABLE ONLY public.core_faq
    ADD CONSTRAINT core_faq_author_id_e8415dab_fk_users_cavinguser_id FOREIGN KEY (author_id) REFERENCES public.users_cavinguser(id) DEFERRABLE INITIALLY DEFERRED;


--
-- Name: core_news core_news_author_id_8287a902_fk_users_cavinguser_id; Type: FK CONSTRAINT; Schema: public; Owner: postgres
--

ALTER TABLE ONLY public.core_news
    ADD CONSTRAINT core_news_author_id_8287a902_fk_users_cavinguser_id FOREIGN KEY (author_id) REFERENCES public.users_cavinguser(id) DEFERRABLE INITIALLY DEFERRED;


--
-- Name: django_admin_log django_admin_log_content_type_id_c4bce8eb_fk_django_co; Type: FK CONSTRAINT; Schema: public; Owner: postgres
--

ALTER TABLE ONLY public.django_admin_log
    ADD CONSTRAINT django_admin_log_content_type_id_c4bce8eb_fk_django_co FOREIGN KEY (content_type_id) REFERENCES public.django_content_type(id) DEFERRABLE INITIALLY DEFERRED;


--
-- Name: django_admin_log django_admin_log_user_id_c564eba6_fk_users_cavinguser_id; Type: FK CONSTRAINT; Schema: public; Owner: postgres
--

ALTER TABLE ONLY public.django_admin_log
    ADD CONSTRAINT django_admin_log_user_id_c564eba6_fk_users_cavinguser_id FOREIGN KEY (user_id) REFERENCES public.users_cavinguser(id) DEFERRABLE INITIALLY DEFERRED;


--
-- Name: logger_trip_likes logger_trip_likes_cavinguser_id_3d7f4c4c_fk_users_cavinguser_id; Type: FK CONSTRAINT; Schema: public; Owner: postgres
--

ALTER TABLE ONLY public.logger_trip_likes
    ADD CONSTRAINT logger_trip_likes_cavinguser_id_3d7f4c4c_fk_users_cavinguser_id FOREIGN KEY (cavinguser_id) REFERENCES public.users_cavinguser(id) DEFERRABLE INITIALLY DEFERRED;


--
-- Name: logger_trip_likes logger_trip_likes_trip_id_bd120d11_fk_logger_trip_id; Type: FK CONSTRAINT; Schema: public; Owner: postgres
--

ALTER TABLE ONLY public.logger_trip_likes
    ADD CONSTRAINT logger_trip_likes_trip_id_bd120d11_fk_logger_trip_id FOREIGN KEY (trip_id) REFERENCES public.logger_trip(id) DEFERRABLE INITIALLY DEFERRED;


--
-- Name: logger_trip logger_trip_user_id_ce8630b9_fk_users_cavinguser_id; Type: FK CONSTRAINT; Schema: public; Owner: postgres
--

ALTER TABLE ONLY public.logger_trip
    ADD CONSTRAINT logger_trip_user_id_ce8630b9_fk_users_cavinguser_id FOREIGN KEY (user_id) REFERENCES public.users_cavinguser(id) DEFERRABLE INITIALLY DEFERRED;


--
-- Name: logger_tripphoto logger_tripphoto_trip_id_9cbf2ee3_fk_logger_trip_id; Type: FK CONSTRAINT; Schema: public; Owner: postgres
--

ALTER TABLE ONLY public.logger_tripphoto
    ADD CONSTRAINT logger_tripphoto_trip_id_9cbf2ee3_fk_logger_trip_id FOREIGN KEY (trip_id) REFERENCES public.logger_trip(id) DEFERRABLE INITIALLY DEFERRED;


--
-- Name: logger_tripphoto logger_tripphoto_user_id_033d4c48_fk_users_cavinguser_id; Type: FK CONSTRAINT; Schema: public; Owner: postgres
--

ALTER TABLE ONLY public.logger_tripphoto
    ADD CONSTRAINT logger_tripphoto_user_id_033d4c48_fk_users_cavinguser_id FOREIGN KEY (user_id) REFERENCES public.users_cavinguser(id) DEFERRABLE INITIALLY DEFERRED;


--
-- Name: logger_tripreport_likes logger_tripreport_li_cavinguser_id_0896c406_fk_users_cav; Type: FK CONSTRAINT; Schema: public; Owner: postgres
--

ALTER TABLE ONLY public.logger_tripreport_likes
    ADD CONSTRAINT logger_tripreport_li_cavinguser_id_0896c406_fk_users_cav FOREIGN KEY (cavinguser_id) REFERENCES public.users_cavinguser(id) DEFERRABLE INITIALLY DEFERRED;


--
-- Name: logger_tripreport_likes logger_tripreport_li_tripreport_id_bc81fef7_fk_logger_tr; Type: FK CONSTRAINT; Schema: public; Owner: postgres
--

ALTER TABLE ONLY public.logger_tripreport_likes
    ADD CONSTRAINT logger_tripreport_li_tripreport_id_bc81fef7_fk_logger_tr FOREIGN KEY (tripreport_id) REFERENCES public.logger_tripreport(trip_id) DEFERRABLE INITIALLY DEFERRED;


--
-- Name: logger_tripreport logger_tripreport_trip_id_a83adc25_fk_logger_trip_id; Type: FK CONSTRAINT; Schema: public; Owner: postgres
--

ALTER TABLE ONLY public.logger_tripreport
    ADD CONSTRAINT logger_tripreport_trip_id_a83adc25_fk_logger_trip_id FOREIGN KEY (trip_id) REFERENCES public.logger_trip(id) DEFERRABLE INITIALLY DEFERRED;


--
-- Name: logger_tripreport logger_tripreport_user_id_c1c60a53_fk_users_cavinguser_id; Type: FK CONSTRAINT; Schema: public; Owner: postgres
--

ALTER TABLE ONLY public.logger_tripreport
    ADD CONSTRAINT logger_tripreport_user_id_c1c60a53_fk_users_cavinguser_id FOREIGN KEY (user_id) REFERENCES public.users_cavinguser(id) DEFERRABLE INITIALLY DEFERRED;


--
-- Name: users_cavinguser_friends users_cavinguser_fri_from_cavinguser_id_de64afc9_fk_users_cav; Type: FK CONSTRAINT; Schema: public; Owner: postgres
--

ALTER TABLE ONLY public.users_cavinguser_friends
    ADD CONSTRAINT users_cavinguser_fri_from_cavinguser_id_de64afc9_fk_users_cav FOREIGN KEY (from_cavinguser_id) REFERENCES public.users_cavinguser(id) DEFERRABLE INITIALLY DEFERRED;


--
-- Name: users_cavinguser_friends users_cavinguser_fri_to_cavinguser_id_2711cf38_fk_users_cav; Type: FK CONSTRAINT; Schema: public; Owner: postgres
--

ALTER TABLE ONLY public.users_cavinguser_friends
    ADD CONSTRAINT users_cavinguser_fri_to_cavinguser_id_2711cf38_fk_users_cav FOREIGN KEY (to_cavinguser_id) REFERENCES public.users_cavinguser(id) DEFERRABLE INITIALLY DEFERRED;


--
-- Name: users_cavinguser_groups users_cavinguser_gro_cavinguser_id_19afa393_fk_users_cav; Type: FK CONSTRAINT; Schema: public; Owner: postgres
--

ALTER TABLE ONLY public.users_cavinguser_groups
    ADD CONSTRAINT users_cavinguser_gro_cavinguser_id_19afa393_fk_users_cav FOREIGN KEY (cavinguser_id) REFERENCES public.users_cavinguser(id) DEFERRABLE INITIALLY DEFERRED;


--
-- Name: users_cavinguser_groups users_cavinguser_groups_group_id_73e2de0f_fk_auth_group_id; Type: FK CONSTRAINT; Schema: public; Owner: postgres
--

ALTER TABLE ONLY public.users_cavinguser_groups
    ADD CONSTRAINT users_cavinguser_groups_group_id_73e2de0f_fk_auth_group_id FOREIGN KEY (group_id) REFERENCES public.auth_group(id) DEFERRABLE INITIALLY DEFERRED;


--
-- Name: users_cavinguser_user_permissions users_cavinguser_use_cavinguser_id_17f483d5_fk_users_cav; Type: FK CONSTRAINT; Schema: public; Owner: postgres
--

ALTER TABLE ONLY public.users_cavinguser_user_permissions
    ADD CONSTRAINT users_cavinguser_use_cavinguser_id_17f483d5_fk_users_cav FOREIGN KEY (cavinguser_id) REFERENCES public.users_cavinguser(id) DEFERRABLE INITIALLY DEFERRED;


--
-- Name: users_cavinguser_user_permissions users_cavinguser_use_permission_id_0fb41e0d_fk_auth_perm; Type: FK CONSTRAINT; Schema: public; Owner: postgres
--

ALTER TABLE ONLY public.users_cavinguser_user_permissions
    ADD CONSTRAINT users_cavinguser_use_permission_id_0fb41e0d_fk_auth_perm FOREIGN KEY (permission_id) REFERENCES public.auth_permission(id) DEFERRABLE INITIALLY DEFERRED;


--
-- Name: users_friendrequest users_friendrequest_user_from_id_0b5299e3_fk_users_cav; Type: FK CONSTRAINT; Schema: public; Owner: postgres
--

ALTER TABLE ONLY public.users_friendrequest
    ADD CONSTRAINT users_friendrequest_user_from_id_0b5299e3_fk_users_cav FOREIGN KEY (user_from_id) REFERENCES public.users_cavinguser(id) DEFERRABLE INITIALLY DEFERRED;


--
-- Name: users_friendrequest users_friendrequest_user_to_id_79c49f4c_fk_users_cavinguser_id; Type: FK CONSTRAINT; Schema: public; Owner: postgres
--

ALTER TABLE ONLY public.users_friendrequest
    ADD CONSTRAINT users_friendrequest_user_to_id_79c49f4c_fk_users_cavinguser_id FOREIGN KEY (user_to_id) REFERENCES public.users_cavinguser(id) DEFERRABLE INITIALLY DEFERRED;


--
-- Name: users_notification users_notification_user_id_fed360c8_fk_users_cavinguser_id; Type: FK CONSTRAINT; Schema: public; Owner: postgres
--

ALTER TABLE ONLY public.users_notification
    ADD CONSTRAINT users_notification_user_id_fed360c8_fk_users_cavinguser_id FOREIGN KEY (user_id) REFERENCES public.users_cavinguser(id) DEFERRABLE INITIALLY DEFERRED;


--
-- PostgreSQL database dump complete
--
