--
-- PostgreSQL database dump
--

-- Dumped from database version 15.2 (Debian 15.2-1.pgdg110+1)
-- Dumped by pg_dump version 15.2 (Debian 15.2-1.pgdg110+1)

SET statement_timeout = 0;
SET lock_timeout = 0;
SET idle_in_transaction_session_timeout = 0;
SET client_encoding = 'UTF8';
SET standard_conforming_strings = on;
SELECT pg_catalog.set_config('search_path', '', false);
SET check_function_bodies = false;
SET xmloption = content;
SET client_min_messages = warning;
SET row_security = off;

SET default_tablespace = '';

SET default_table_access_method = heap;

--
-- Name: auth_group; Type: TABLE; Schema: public; Owner: postgres
--

CREATE TABLE public.auth_group (
    id integer NOT NULL,
    name character varying(150) NOT NULL
);


ALTER TABLE public.auth_group OWNER TO postgres;

--
-- Name: auth_group_id_seq; Type: SEQUENCE; Schema: public; Owner: postgres
--

ALTER TABLE public.auth_group ALTER COLUMN id ADD GENERATED BY DEFAULT AS IDENTITY (
    SEQUENCE NAME public.auth_group_id_seq
    START WITH 1
    INCREMENT BY 1
    NO MINVALUE
    NO MAXVALUE
    CACHE 1
);


--
-- Name: auth_group_permissions; Type: TABLE; Schema: public; Owner: postgres
--

CREATE TABLE public.auth_group_permissions (
    id bigint NOT NULL,
    group_id integer NOT NULL,
    permission_id integer NOT NULL
);


ALTER TABLE public.auth_group_permissions OWNER TO postgres;

--
-- Name: auth_group_permissions_id_seq; Type: SEQUENCE; Schema: public; Owner: postgres
--

ALTER TABLE public.auth_group_permissions ALTER COLUMN id ADD GENERATED BY DEFAULT AS IDENTITY (
    SEQUENCE NAME public.auth_group_permissions_id_seq
    START WITH 1
    INCREMENT BY 1
    NO MINVALUE
    NO MAXVALUE
    CACHE 1
);


--
-- Name: auth_permission; Type: TABLE; Schema: public; Owner: postgres
--

CREATE TABLE public.auth_permission (
    id integer NOT NULL,
    name character varying(255) NOT NULL,
    content_type_id integer NOT NULL,
    codename character varying(100) NOT NULL
);


ALTER TABLE public.auth_permission OWNER TO postgres;

--
-- Name: auth_permission_id_seq; Type: SEQUENCE; Schema: public; Owner: postgres
--

ALTER TABLE public.auth_permission ALTER COLUMN id ADD GENERATED BY DEFAULT AS IDENTITY (
    SEQUENCE NAME public.auth_permission_id_seq
    START WITH 1
    INCREMENT BY 1
    NO MINVALUE
    NO MAXVALUE
    CACHE 1
);


--
-- Name: django_admin_log; Type: TABLE; Schema: public; Owner: postgres
--

CREATE TABLE public.django_admin_log (
    id integer NOT NULL,
    action_time timestamp with time zone NOT NULL,
    object_id text,
    object_repr character varying(200) NOT NULL,
    action_flag smallint NOT NULL,
    change_message text NOT NULL,
    content_type_id integer,
    user_id bigint NOT NULL,
    CONSTRAINT django_admin_log_action_flag_check CHECK ((action_flag >= 0))
);


ALTER TABLE public.django_admin_log OWNER TO postgres;

--
-- Name: django_admin_log_id_seq; Type: SEQUENCE; Schema: public; Owner: postgres
--

ALTER TABLE public.django_admin_log ALTER COLUMN id ADD GENERATED BY DEFAULT AS IDENTITY (
    SEQUENCE NAME public.django_admin_log_id_seq
    START WITH 1
    INCREMENT BY 1
    NO MINVALUE
    NO MAXVALUE
    CACHE 1
);


--
-- Name: django_content_type; Type: TABLE; Schema: public; Owner: postgres
--

CREATE TABLE public.django_content_type (
    id integer NOT NULL,
    app_label character varying(100) NOT NULL,
    model character varying(100) NOT NULL
);


ALTER TABLE public.django_content_type OWNER TO postgres;

--
-- Name: django_content_type_id_seq; Type: SEQUENCE; Schema: public; Owner: postgres
--

ALTER TABLE public.django_content_type ALTER COLUMN id ADD GENERATED BY DEFAULT AS IDENTITY (
    SEQUENCE NAME public.django_content_type_id_seq
    START WITH 1
    INCREMENT BY 1
    NO MINVALUE
    NO MAXVALUE
    CACHE 1
);


--
-- Name: django_migrations; Type: TABLE; Schema: public; Owner: postgres
--

CREATE TABLE public.django_migrations (
    id bigint NOT NULL,
    app character varying(255) NOT NULL,
    name character varying(255) NOT NULL,
    applied timestamp with time zone NOT NULL
);


ALTER TABLE public.django_migrations OWNER TO postgres;

--
-- Name: django_migrations_id_seq; Type: SEQUENCE; Schema: public; Owner: postgres
--

ALTER TABLE public.django_migrations ALTER COLUMN id ADD GENERATED BY DEFAULT AS IDENTITY (
    SEQUENCE NAME public.django_migrations_id_seq
    START WITH 1
    INCREMENT BY 1
    NO MINVALUE
    NO MAXVALUE
    CACHE 1
);


--
-- Name: django_session; Type: TABLE; Schema: public; Owner: postgres
--

CREATE TABLE public.django_session (
    session_key character varying(40) NOT NULL,
    session_data text NOT NULL,
    expire_date timestamp with time zone NOT NULL
);


ALTER TABLE public.django_session OWNER TO postgres;

--
-- Name: logger_trip; Type: TABLE; Schema: public; Owner: postgres
--

CREATE TABLE public.logger_trip (
    id bigint NOT NULL,
    privacy character varying(10) NOT NULL,
    cave_name character varying(100) NOT NULL,
    cave_region character varying(100) NOT NULL,
    cave_country character varying(100) NOT NULL,
    cave_url character varying(200) NOT NULL,
    start timestamp with time zone NOT NULL,
    "end" timestamp with time zone,
    type character varying(15) NOT NULL,
    cavers character varying(200) NOT NULL,
    clubs character varying(100) NOT NULL,
    expedition character varying(100) NOT NULL,
    report_url character varying(200) NOT NULL,
    added timestamp with time zone NOT NULL,
    updated timestamp with time zone NOT NULL,
    horizontal_dist integer,
    vert_dist_down integer,
    vert_dist_up integer,
    surveyed_dist integer,
    aid_dist integer,
    notes text NOT NULL,
    user_id bigint NOT NULL
);


ALTER TABLE public.logger_trip OWNER TO postgres;

--
-- Name: logger_trip_id_seq; Type: SEQUENCE; Schema: public; Owner: postgres
--

ALTER TABLE public.logger_trip ALTER COLUMN id ADD GENERATED BY DEFAULT AS IDENTITY (
    SEQUENCE NAME public.logger_trip_id_seq
    START WITH 1
    INCREMENT BY 1
    NO MINVALUE
    NO MAXVALUE
    CACHE 1
);


--
-- Name: users_cavinguser; Type: TABLE; Schema: public; Owner: postgres
--

CREATE TABLE public.users_cavinguser (
    id bigint NOT NULL,
    password character varying(128) NOT NULL,
    last_login timestamp with time zone,
    is_superuser boolean NOT NULL,
    email character varying(255) NOT NULL,
    username character varying(30) NOT NULL,
    first_name character varying(30) NOT NULL,
    last_name character varying(30) NOT NULL,
    location character varying(50) NOT NULL,
    country character varying(2) NOT NULL,
    bio text NOT NULL,
    clubs character varying(50) NOT NULL,
    units character varying(10) NOT NULL,
    privacy character varying(10) NOT NULL,
    timezone character varying(63) NOT NULL,
    is_active boolean NOT NULL,
    date_joined timestamp with time zone NOT NULL
);


ALTER TABLE public.users_cavinguser OWNER TO postgres;

--
-- Name: users_cavinguser_groups; Type: TABLE; Schema: public; Owner: postgres
--

CREATE TABLE public.users_cavinguser_groups (
    id bigint NOT NULL,
    cavinguser_id bigint NOT NULL,
    group_id integer NOT NULL
);


ALTER TABLE public.users_cavinguser_groups OWNER TO postgres;

--
-- Name: users_cavinguser_groups_id_seq; Type: SEQUENCE; Schema: public; Owner: postgres
--

ALTER TABLE public.users_cavinguser_groups ALTER COLUMN id ADD GENERATED BY DEFAULT AS IDENTITY (
    SEQUENCE NAME public.users_cavinguser_groups_id_seq
    START WITH 1
    INCREMENT BY 1
    NO MINVALUE
    NO MAXVALUE
    CACHE 1
);


--
-- Name: users_cavinguser_id_seq; Type: SEQUENCE; Schema: public; Owner: postgres
--

ALTER TABLE public.users_cavinguser ALTER COLUMN id ADD GENERATED BY DEFAULT AS IDENTITY (
    SEQUENCE NAME public.users_cavinguser_id_seq
    START WITH 1
    INCREMENT BY 1
    NO MINVALUE
    NO MAXVALUE
    CACHE 1
);


--
-- Name: users_cavinguser_user_permissions; Type: TABLE; Schema: public; Owner: postgres
--

CREATE TABLE public.users_cavinguser_user_permissions (
    id bigint NOT NULL,
    cavinguser_id bigint NOT NULL,
    permission_id integer NOT NULL
);


ALTER TABLE public.users_cavinguser_user_permissions OWNER TO postgres;

--
-- Name: users_cavinguser_user_permissions_id_seq; Type: SEQUENCE; Schema: public; Owner: postgres
--

ALTER TABLE public.users_cavinguser_user_permissions ALTER COLUMN id ADD GENERATED BY DEFAULT AS IDENTITY (
    SEQUENCE NAME public.users_cavinguser_user_permissions_id_seq
    START WITH 1
    INCREMENT BY 1
    NO MINVALUE
    NO MAXVALUE
    CACHE 1
);


--
-- Data for Name: auth_group; Type: TABLE DATA; Schema: public; Owner: postgres
--

COPY public.auth_group (id, name) FROM stdin;
\.


--
-- Data for Name: auth_group_permissions; Type: TABLE DATA; Schema: public; Owner: postgres
--

COPY public.auth_group_permissions (id, group_id, permission_id) FROM stdin;
\.


--
-- Data for Name: auth_permission; Type: TABLE DATA; Schema: public; Owner: postgres
--

COPY public.auth_permission (id, name, content_type_id, codename) FROM stdin;
1	Can add user	1	add_cavinguser
2	Can change user	1	change_cavinguser
3	Can delete user	1	delete_cavinguser
4	Can view user	1	view_cavinguser
5	Can add trip	2	add_trip
6	Can change trip	2	change_trip
7	Can delete trip	2	delete_trip
8	Can view trip	2	view_trip
9	Can add log entry	3	add_logentry
10	Can change log entry	3	change_logentry
11	Can delete log entry	3	delete_logentry
12	Can view log entry	3	view_logentry
13	Can add permission	4	add_permission
14	Can change permission	4	change_permission
15	Can delete permission	4	delete_permission
16	Can view permission	4	view_permission
17	Can add group	5	add_group
18	Can change group	5	change_group
19	Can delete group	5	delete_group
20	Can view group	5	view_group
21	Can add content type	6	add_contenttype
22	Can change content type	6	change_contenttype
23	Can delete content type	6	delete_contenttype
24	Can view content type	6	view_contenttype
25	Can add session	7	add_session
26	Can change session	7	change_session
27	Can delete session	7	delete_session
28	Can view session	7	view_session
\.


--
-- Data for Name: django_admin_log; Type: TABLE DATA; Schema: public; Owner: postgres
--

COPY public.django_admin_log (id, action_time, object_id, object_repr, action_flag, change_message, content_type_id, user_id) FROM stdin;
\.


--
-- Data for Name: django_content_type; Type: TABLE DATA; Schema: public; Owner: postgres
--

COPY public.django_content_type (id, app_label, model) FROM stdin;
1	users	cavinguser
2	logger	trip
3	admin	logentry
4	auth	permission
5	auth	group
6	contenttypes	contenttype
7	sessions	session
\.


--
-- Data for Name: django_migrations; Type: TABLE DATA; Schema: public; Owner: postgres
--

COPY public.django_migrations (id, app, name, applied) FROM stdin;
1	contenttypes	0001_initial	2023-03-17 18:13:30.148435+00
2	contenttypes	0002_remove_content_type_name	2023-03-17 18:13:30.156823+00
3	auth	0001_initial	2023-03-17 18:13:30.212233+00
4	auth	0002_alter_permission_name_max_length	2023-03-17 18:13:30.217634+00
5	auth	0003_alter_user_email_max_length	2023-03-17 18:13:30.220001+00
6	auth	0004_alter_user_username_opts	2023-03-17 18:13:30.222333+00
7	auth	0005_alter_user_last_login_null	2023-03-17 18:13:30.224535+00
8	auth	0006_require_contenttypes_0002	2023-03-17 18:13:30.225522+00
9	auth	0007_alter_validators_add_error_messages	2023-03-17 18:13:30.227814+00
10	auth	0008_alter_user_username_max_length	2023-03-17 18:13:30.230054+00
11	auth	0009_alter_user_last_name_max_length	2023-03-17 18:13:30.232365+00
12	auth	0010_alter_group_name_max_length	2023-03-17 18:13:30.236739+00
13	auth	0011_update_proxy_permissions	2023-03-17 18:13:30.239103+00
14	auth	0012_alter_user_first_name_max_length	2023-03-17 18:13:30.241472+00
15	users	0001_initial	2023-03-17 18:13:30.307669+00
16	admin	0001_initial	2023-03-17 18:13:30.335213+00
17	admin	0002_logentry_remove_auto_add	2023-03-17 18:13:30.339945+00
18	admin	0003_logentry_add_action_flag_choices	2023-03-17 18:13:30.34453+00
19	logger	0001_initial	2023-03-17 18:13:30.368997+00
20	sessions	0001_initial	2023-03-17 18:13:30.384738+00
\.


--
-- Data for Name: django_session; Type: TABLE DATA; Schema: public; Owner: postgres
--

COPY public.django_session (session_key, session_data, expire_date) FROM stdin;
vauq3o4z0c18q0r63i2htdi0qi9ubs5d	.eJxVjEEOwiAQRe_C2hAYoIhL9z0DmWFAqoYmpV0Z765NutDtf-_9l4i4rTVuPS9xYnERWpx-N8L0yG0HfMd2m2Wa27pMJHdFHrTLceb8vB7u30HFXr-1MaEoQIuKwzkM4Ng4D94BQdLENnF2hpM1BHbwRJktGh2KBuWxBCfeH82QN5U:1pdEbB:9w8gdl6Z-Z9rNZaf3SiHgm-MiootC-rOGJND8ACPGOc	2023-03-31 18:14:41.035496+00
\.


--
-- Data for Name: logger_trip; Type: TABLE DATA; Schema: public; Owner: postgres
--

COPY public.logger_trip (id, privacy, cave_name, cave_region, cave_country, cave_url, start, "end", type, cavers, clubs, expedition, report_url, added, updated, horizontal_dist, vert_dist_down, vert_dist_up, surveyed_dist, aid_dist, notes, user_id) FROM stdin;
23	Default	Site 4892	Matienzo	Spain	https://matienzocaves.org.uk/descrip/4892.htm	2022-04-10 13:00:00+00	2022-04-10 15:30:00+00	Digging	David Barrett, Big Steve, Pete Smith		Matienzo Easter 22		2023-03-17 19:19:32.798966+00	2023-03-17 19:19:32.804742+00	\N	\N	\N	\N	\N	Learning to cap in a resurgence that was later found not to go anywhere.	1
2	Default	Crackpot Cave	Yorkshire Dales	England	https://cncc.org.uk/cave/crackpot-cave	2021-10-30 14:00:00+00	2021-10-30 18:00:00+00	Sport	Gracie, Kiera, Jen	DUSA			2023-03-17 18:35:05.898064+00	2023-03-17 18:35:05.903658+00	\N	\N	\N	\N	\N		1
3	Default	Fairy Holes	Yorkshire Dales	England	https://cncc.org.uk/cave/fairy-holes-weardale	2021-11-06 13:00:00+00	2021-11-06 19:00:00+00	Sport	Gracie, Graeme, Smithy	DUSA			2023-03-17 18:40:39.99483+00	2023-03-17 18:40:40.009375+00	\N	\N	\N	\N	\N	To The Choir chamber.	1
12	Default	Titan	Peak District	England	https://www.peakspeedwell.info/	2022-01-01 11:00:00+00	2022-01-01 16:00:00+00	Sport	Gracie	DUSA		https://northall.me.uk/posts/titan/	2023-03-17 19:01:11.58348+00	2023-03-17 19:01:11.591561+00	\N	166	166	\N	\N	To the bottom and back up.	1
13	Default	Piss Pot	North Yorkshire Moors	England		2022-01-05 18:00:00+00	2022-01-05 20:30:00+00	Digging	Adele, Matt, Gary, Nial, Sparky, Malcolm, Andy	NYMCC, YCC			2023-03-17 19:02:23.350454+00	2023-03-17 19:02:23.356691+00	\N	\N	\N	\N	\N		1
7	Default	Crackpot Cave	Yorkshire Dales	England	https://cncc.org.uk/cave/crackpot-cave	2021-12-05 14:30:00+00	2021-12-05 18:30:00+00	Sport	Gracie, Sasha, Sam				2023-03-17 18:44:44.743533+00	2023-03-17 18:45:30.556898+00	\N	\N	\N	\N	\N		1
14	Default	Jenga Pot	North Yorkshire Moors	England	https://cncc.org.uk/cave/jenga-pot	2022-01-12 18:00:00+00	2022-01-12 19:30:00+00	Sport	Matt, Malcolm				2023-03-17 19:03:41.104059+00	2023-03-17 19:03:41.109797+00	\N	\N	\N	\N	\N	Through trip from Jenga Pot to the Secret Dig.	1
5	Default	Alum Pot	Yorkshire Dales	England	https://cncc.org.uk/cave/alum-pot	2021-11-09 12:00:00+00	2021-11-09 15:00:00+00	Sport					2023-03-17 18:43:00.50575+00	2023-03-17 18:51:19.516084+00	\N	80	80	\N	\N	Solo trip down the NW Route to the sump. Very, very wet.	1
4	Default	Sell Gill Holes	Yorkshire Dales	England	https://cncc.org.uk/cave/sell-gill-holes	2021-11-07 12:30:00+00	2021-11-07 16:30:00+00	Sport	Gracie, Sasha	DUSA			2023-03-17 18:42:04.66574+00	2023-03-17 18:52:01.324671+00	\N	40	40	\N	\N	Training Sasha on SRT.\r\n\r\nDry route to the sump.	1
8	Default	Lancaster Hole	Yorkshire Dales	England	https://cncc.org.uk/cave/lancaster-hole	2021-12-17 14:00:00+00	2021-12-17 19:00:00+00	Sport	Gracie				2023-03-17 18:50:50.992527+00	2023-03-17 18:53:59.329571+00	\N	50	50	\N	\N	Down to the main drain from Fall Pot and back out - having a look at the Colonnades on the way.	1
9	Default	Lancaster Hole	Yorkshire Dales	England	https://cncc.org.uk/cave/lancaster-hole	2021-12-18 13:30:00+00	2021-12-19 00:31:00+00	Sport	Gracie				2023-03-17 18:54:50.128887+00	2023-03-17 18:54:50.134717+00	\N	65	65	\N	\N	Lancaster Hole to Stop Pot and back out via Lancaster Hole.	1
10	Default	County Pot	Yorkshire Dales	England	https://cncc.org.uk/cave/county-pot	2021-12-25 12:00:00+00	2021-12-25 18:00:00+00	Sport					2023-03-17 18:57:41.550338+00	2023-03-17 18:57:41.556175+00	\N	18	52	\N	\N	County Pot to Lancaster Hole solo trip on Christmas day, via the Manchester Bypass.	1
11	Default	Peak Cavern	Peak District	England	https://www.peakspeedwell.info/	2021-12-30 09:00:00+00	2021-12-30 10:00:00+00	Sport	Gracie, Jack, Graeme, Josie, Stephen, Annie, Issi, Kieran	DUSA			2023-03-17 18:59:24.936207+00	2023-03-17 18:59:24.942553+00	\N	\N	\N	\N	\N	Mucky Ducks and back - too wet - keyholder wouldn't allow us any further.	1
6	Default	Little Hull Pot	Yorkshire Dales	England	https://cncc.org.uk/cave/little-hull-pot	2021-11-28 15:00:00+00	2021-11-28 22:00:00+00	Sport	Gracie, Annie, Issi	DUSA			2023-03-17 18:44:29.39118+00	2023-03-17 18:59:37.353729+00	\N	70	70	\N	\N	To the bottom of the second pitch.	1
15	Default	Piss Pot	North Yorkshire Moors	England		2022-01-19 18:00:00+00	2022-01-19 20:30:00+00	Digging		NYMCC, YCC			2023-03-17 19:04:36.771449+00	2023-03-17 19:04:36.77814+00	\N	\N	\N	\N	\N		1
16	Default	Piss Pot	North Yorkshire Moors	England		2022-01-26 18:00:00+00	2022-01-26 20:30:00+00	Digging		NYMCC, YCC			2023-03-17 19:05:06.928462+00	2023-03-17 19:05:06.935274+00	\N	\N	\N	\N	\N		1
18	Default	Jenga Pot	North Yorkshire Moors	England	https://cncc.org.uk/cave/jenga-pot	2022-02-09 18:00:00+00	2022-02-09 20:30:00+00	Sport	Nial, Pat, Sparky, Matt, Andy, Chris	NYMCC, YCC			2023-03-17 19:07:13.843861+00	2023-03-17 19:07:13.849039+00	\N	\N	\N	\N	\N	Trip to sump 1 to test the pumps, then JDM chamber.	1
19	Default	Lancaster Hole	Yorkshire Dales	England	https://cncc.org.uk/cave/lancaster-hole	2022-02-10 13:00:00+00	2022-02-10 19:00:00+00	Sport					2023-03-17 19:09:04.863395+00	2023-03-17 19:09:04.870432+00	\N	65	65	\N	\N	Hauled 16kg of water from Fall Pot to Diamond Hall. Visited Lower Snail Cavern - very rocky and dry with lots of breakdown, and a low ceiling.	1
20	Default	Notts II	Yorkshire Dales	England	https://cncc.org.uk/cave/notts-2	2022-02-11 11:00:00+00	2022-02-11 16:00:00+00	Photography	Adele, Martyn Farr, Rachel, Bomber				2023-03-17 19:10:39.019191+00	2023-03-17 19:10:39.024315+00	\N	\N	\N	\N	\N	Photography trip to Curry Inlet for Martyn's new book.	1
17	Default	Lancaster Hole	Yorkshire Dales	England	https://cncc.org.uk/cave/lancaster-hole	2022-01-29 03:00:00+00	2022-01-29 08:00:00+00	Sport					2023-03-17 19:06:03.619583+00	2023-03-17 19:12:23.50357+00	\N	35	35	\N	\N	Solo trip. Tried to haul 20kg of water through the cave and failed. Fell asleep for an hour in Fall Pot.	1
1	Default	Lower Long Churns	Yorkshire Dales	England	https://cncc.org.uk/cave/long-churn-caves	2021-10-24 14:00:00+00	2021-10-24 21:00:00+00	Sport	Gracie, Josie, Chloe, Leo, Sasha, Graeme	DUSA			2023-03-17 18:33:38.650072+00	2023-03-17 19:14:10.111573+00	\N	\N	\N	\N	\N	To the Alum Pot ledge via ladder/lifeline down Dolly Tubs pitch. Met Gracie!	1
21	Default	Knock Fell Caverns	Yorkshire Dales	England	https://cncc.org.uk/cave/knock-fell-caverns	2022-02-19 13:40:00+00	2022-02-19 19:00:00+00	Sport	Gracie			https://northall.me.uk/posts/knock-fell-caverns/	2023-03-17 19:16:10.785061+00	2023-03-17 19:16:10.79152+00	\N	\N	\N	\N	\N	Got slightly lost in the NE section of the cave for ~45 minutes. Great trip!	1
22	Default	County Pot	Yorkshire Dales	England	https://cncc.org.uk/cave/county-pot	2022-04-04 14:05:00+00	2022-04-04 18:10:00+00	Sport	Gracie, Josh, Chloe, Sasha, Eva	DUSA			2023-03-17 19:17:36.504339+00	2023-03-17 19:17:36.509691+00	\N	15	15	\N	\N	First to the bottom of Poetic Justice, then back to Battle of Britain Chamber, Eureka Junction, and near Stop Pot in the streamway but not inside.	1
24	Default	Sima-Cueva del Risco	Matienzo	Spain	https://matienzocaves.org.uk/descrip/0025.htm	2022-04-11 11:30:00+00	2022-04-11 15:00:00+00	Sport	David Barrett		Matienzo Easter 22		2023-03-17 19:21:05.412534+00	2023-03-17 19:21:30.960392+00	\N	15	15	\N	\N	Trip to the Arco Gallery, and then in the main streamway. Fantastic!	1
25	Default	Cueva-Cubío del Llanío	Matienzo	Spain	https://matienzocaves.org.uk/descrip/4536.htm	2022-04-12 12:00:00+00	2022-04-12 16:00:00+00	Exploration	Torben, Pete Eagan, David Barrett		Matienzo Easter 22		2023-03-17 19:23:10.945584+00	2023-03-17 19:28:25.89776+00	\N	10	10	\N	\N	Trip into Canny Passage, to the connection with Renada. Fantastically tough squeeze! One of the first people to visit this location.	1
26	Default	Cueva de Bollón	Matienzo	Spain	https://matienzocaves.org.uk/descrip/0098.htm	2022-04-13 12:00:00+00	2022-04-13 16:00:00+00	Survey	Gracie, Alex Ritchie		Matienzo Easter 22		2023-03-17 19:25:15.24912+00	2023-03-17 19:29:05.28195+00	\N	15	15	35	\N	Cave also known as 'Volvo'. Exploration/survey trip into new high level passage near the entrance. A new pitch was found called the 'Accy Bypass', but was later discovered to only be an oxbow to the existing main route. Horrible, tight cave, which I will never return to.	1
27	Default	Sima-Cueva del Risco	Matienzo	Spain	https://matienzocaves.org.uk/descrip/0025.htm	2022-04-14 14:00:00+00	2022-04-14 19:30:00+00	Exploration	Gracie		Matienzo Easter 22		2023-03-17 19:27:22.251866+00	2023-03-17 19:27:22.257413+00	\N	15	15	\N	\N	Firstly, photography in the Arco Gallery. Then, accidentally found a new way up into the Dambusters Series (Gracie's Way).	1
28	Default	Sima-Cueva del Risco	Matienzo	Spain	https://matienzocaves.org.uk/descrip/0025.htm	2022-04-15 13:00:00+00	2022-04-15 17:00:00+00	Exploration			Matienzo Easter 22		2023-03-17 19:31:18.25342+00	2023-03-17 19:31:38.905504+00	\N	15	15	\N	\N	Exploring the Dambusters Series using the new Gracie's Way entrance. Checked every boulder choke, crawl, etc. Nothing was found.\r\n\r\nThe only thing of note was an approx 7-10 metre aven near the boulder choke in Dambusters Series, but appears to be blind at the top.\r\n\r\nSolo trip.	1
29	Default	Cueva Coventosa	Arredondo	Spain		2022-04-16 14:00:00+00	2022-04-16 19:30:00+00	Sport	Gracie, David Barrett		Matienzo Easter 22		2023-03-17 19:33:02.196363+00	2023-03-17 19:33:02.202653+00	\N	20	20	\N	\N	Tourist trip to the first lake and back out. Incredible, huge cave.	1
30	Default	Cueva Vallina	Matienzo	Spain	https://matienzocaves.org.uk/descrip/0733.htm	2022-04-17 12:00:00+00	2022-04-17 16:30:00+00	Sport	David Barrett		Matienzo Easter 22		2023-03-17 19:34:25.21324+00	2023-03-17 19:34:42.117427+00	\N	\N	\N	\N	\N	Pete Smith helped us to find the entrance.\r\n\r\nEntrance series to Swirl Chamber (big!) and had a general look around. Lovely, dry cave.	1
31	Default	Tonsillitis Pot	Matienzo	Spain	https://matienzocaves.org.uk/descrip/0662.htm	2022-04-18 13:00:00+00	2022-04-18 17:00:00+00	Exploration	Alex Ritchie		Matienzo Easter 22		2023-03-17 19:37:00.244964+00	2023-03-17 19:37:18.360764+00	\N	50	50	60	\N	The farmers were burning the land and the 90 minute walk was most unpleasant due to the smoke. Gracie had to turn back.\r\nDropped 50 metres of undescended pitches to a boulder choke at the end, draughting with potential, but all calcited up.	1
32	Default	Cueva Oñite	Matienzo	Spain	https://matienzocaves.org.uk/descrip/0027.htm	2022-04-19 15:00:00+00	2022-04-19 17:30:00+00	Sport	Gracie, Alex Ritchie, Pete Smith		Matienzo Easter 22		2023-03-17 19:40:22.749694+00	2023-03-17 19:40:41.372828+00	\N	\N	\N	\N	\N	Tourist trip to the start of the main Risco streamway from the top entrance, guided by Pete Smith.	1
\.


--
-- Data for Name: users_cavinguser; Type: TABLE DATA; Schema: public; Owner: postgres
--

COPY public.users_cavinguser (id, password, last_login, is_superuser, email, username, first_name, last_name, location, country, bio, clubs, units, privacy, timezone, is_active, date_joined) FROM stdin;
1	pbkdf2_sha256$390000$SEa2dkDqs2iaSeSU2wpQvM$BtvaTVqpH1RLb4TRwWubNB0rY7Ex/cMJQ9UJRYhubP4=	2023-03-17 18:14:41.032612+00	t	admin@caving.log	admin	Admin	User	Somewhere	GB	Hello! I am the Administrator of Caving Log.	NYMCC, NPC	Metric	Private	Europe/London	t	2023-03-17 18:14:32.453167+00
\.


--
-- Data for Name: users_cavinguser_groups; Type: TABLE DATA; Schema: public; Owner: postgres
--

COPY public.users_cavinguser_groups (id, cavinguser_id, group_id) FROM stdin;
\.


--
-- Data for Name: users_cavinguser_user_permissions; Type: TABLE DATA; Schema: public; Owner: postgres
--

COPY public.users_cavinguser_user_permissions (id, cavinguser_id, permission_id) FROM stdin;
\.


--
-- Name: auth_group_id_seq; Type: SEQUENCE SET; Schema: public; Owner: postgres
--

SELECT pg_catalog.setval('public.auth_group_id_seq', 1, false);


--
-- Name: auth_group_permissions_id_seq; Type: SEQUENCE SET; Schema: public; Owner: postgres
--

SELECT pg_catalog.setval('public.auth_group_permissions_id_seq', 1, false);


--
-- Name: auth_permission_id_seq; Type: SEQUENCE SET; Schema: public; Owner: postgres
--

SELECT pg_catalog.setval('public.auth_permission_id_seq', 28, true);


--
-- Name: django_admin_log_id_seq; Type: SEQUENCE SET; Schema: public; Owner: postgres
--

SELECT pg_catalog.setval('public.django_admin_log_id_seq', 1, false);


--
-- Name: django_content_type_id_seq; Type: SEQUENCE SET; Schema: public; Owner: postgres
--

SELECT pg_catalog.setval('public.django_content_type_id_seq', 7, true);


--
-- Name: django_migrations_id_seq; Type: SEQUENCE SET; Schema: public; Owner: postgres
--

SELECT pg_catalog.setval('public.django_migrations_id_seq', 20, true);


--
-- Name: logger_trip_id_seq; Type: SEQUENCE SET; Schema: public; Owner: postgres
--

SELECT pg_catalog.setval('public.logger_trip_id_seq', 32, true);


--
-- Name: users_cavinguser_groups_id_seq; Type: SEQUENCE SET; Schema: public; Owner: postgres
--

SELECT pg_catalog.setval('public.users_cavinguser_groups_id_seq', 1, false);


--
-- Name: users_cavinguser_id_seq; Type: SEQUENCE SET; Schema: public; Owner: postgres
--

SELECT pg_catalog.setval('public.users_cavinguser_id_seq', 1, true);


--
-- Name: users_cavinguser_user_permissions_id_seq; Type: SEQUENCE SET; Schema: public; Owner: postgres
--

SELECT pg_catalog.setval('public.users_cavinguser_user_permissions_id_seq', 1, false);


--
-- Name: auth_group auth_group_name_key; Type: CONSTRAINT; Schema: public; Owner: postgres
--

ALTER TABLE ONLY public.auth_group
    ADD CONSTRAINT auth_group_name_key UNIQUE (name);


--
-- Name: auth_group_permissions auth_group_permissions_group_id_permission_id_0cd325b0_uniq; Type: CONSTRAINT; Schema: public; Owner: postgres
--

ALTER TABLE ONLY public.auth_group_permissions
    ADD CONSTRAINT auth_group_permissions_group_id_permission_id_0cd325b0_uniq UNIQUE (group_id, permission_id);


--
-- Name: auth_group_permissions auth_group_permissions_pkey; Type: CONSTRAINT; Schema: public; Owner: postgres
--

ALTER TABLE ONLY public.auth_group_permissions
    ADD CONSTRAINT auth_group_permissions_pkey PRIMARY KEY (id);


--
-- Name: auth_group auth_group_pkey; Type: CONSTRAINT; Schema: public; Owner: postgres
--

ALTER TABLE ONLY public.auth_group
    ADD CONSTRAINT auth_group_pkey PRIMARY KEY (id);


--
-- Name: auth_permission auth_permission_content_type_id_codename_01ab375a_uniq; Type: CONSTRAINT; Schema: public; Owner: postgres
--

ALTER TABLE ONLY public.auth_permission
    ADD CONSTRAINT auth_permission_content_type_id_codename_01ab375a_uniq UNIQUE (content_type_id, codename);


--
-- Name: auth_permission auth_permission_pkey; Type: CONSTRAINT; Schema: public; Owner: postgres
--

ALTER TABLE ONLY public.auth_permission
    ADD CONSTRAINT auth_permission_pkey PRIMARY KEY (id);


--
-- Name: django_admin_log django_admin_log_pkey; Type: CONSTRAINT; Schema: public; Owner: postgres
--

ALTER TABLE ONLY public.django_admin_log
    ADD CONSTRAINT django_admin_log_pkey PRIMARY KEY (id);


--
-- Name: django_content_type django_content_type_app_label_model_76bd3d3b_uniq; Type: CONSTRAINT; Schema: public; Owner: postgres
--

ALTER TABLE ONLY public.django_content_type
    ADD CONSTRAINT django_content_type_app_label_model_76bd3d3b_uniq UNIQUE (app_label, model);


--
-- Name: django_content_type django_content_type_pkey; Type: CONSTRAINT; Schema: public; Owner: postgres
--

ALTER TABLE ONLY public.django_content_type
    ADD CONSTRAINT django_content_type_pkey PRIMARY KEY (id);


--
-- Name: django_migrations django_migrations_pkey; Type: CONSTRAINT; Schema: public; Owner: postgres
--

ALTER TABLE ONLY public.django_migrations
    ADD CONSTRAINT django_migrations_pkey PRIMARY KEY (id);


--
-- Name: django_session django_session_pkey; Type: CONSTRAINT; Schema: public; Owner: postgres
--

ALTER TABLE ONLY public.django_session
    ADD CONSTRAINT django_session_pkey PRIMARY KEY (session_key);


--
-- Name: logger_trip logger_trip_pkey; Type: CONSTRAINT; Schema: public; Owner: postgres
--

ALTER TABLE ONLY public.logger_trip
    ADD CONSTRAINT logger_trip_pkey PRIMARY KEY (id);


--
-- Name: users_cavinguser users_cavinguser_email_key; Type: CONSTRAINT; Schema: public; Owner: postgres
--

ALTER TABLE ONLY public.users_cavinguser
    ADD CONSTRAINT users_cavinguser_email_key UNIQUE (email);


--
-- Name: users_cavinguser_groups users_cavinguser_groups_cavinguser_id_group_id_93a15dce_uniq; Type: CONSTRAINT; Schema: public; Owner: postgres
--

ALTER TABLE ONLY public.users_cavinguser_groups
    ADD CONSTRAINT users_cavinguser_groups_cavinguser_id_group_id_93a15dce_uniq UNIQUE (cavinguser_id, group_id);


--
-- Name: users_cavinguser_groups users_cavinguser_groups_pkey; Type: CONSTRAINT; Schema: public; Owner: postgres
--

ALTER TABLE ONLY public.users_cavinguser_groups
    ADD CONSTRAINT users_cavinguser_groups_pkey PRIMARY KEY (id);


--
-- Name: users_cavinguser users_cavinguser_pkey; Type: CONSTRAINT; Schema: public; Owner: postgres
--

ALTER TABLE ONLY public.users_cavinguser
    ADD CONSTRAINT users_cavinguser_pkey PRIMARY KEY (id);


--
-- Name: users_cavinguser_user_permissions users_cavinguser_user_pe_cavinguser_id_permission_36bcd10b_uniq; Type: CONSTRAINT; Schema: public; Owner: postgres
--

ALTER TABLE ONLY public.users_cavinguser_user_permissions
    ADD CONSTRAINT users_cavinguser_user_pe_cavinguser_id_permission_36bcd10b_uniq UNIQUE (cavinguser_id, permission_id);


--
-- Name: users_cavinguser_user_permissions users_cavinguser_user_permissions_pkey; Type: CONSTRAINT; Schema: public; Owner: postgres
--

ALTER TABLE ONLY public.users_cavinguser_user_permissions
    ADD CONSTRAINT users_cavinguser_user_permissions_pkey PRIMARY KEY (id);


--
-- Name: users_cavinguser users_cavinguser_username_key; Type: CONSTRAINT; Schema: public; Owner: postgres
--

ALTER TABLE ONLY public.users_cavinguser
    ADD CONSTRAINT users_cavinguser_username_key UNIQUE (username);


--
-- Name: auth_group_name_a6ea08ec_like; Type: INDEX; Schema: public; Owner: postgres
--

CREATE INDEX auth_group_name_a6ea08ec_like ON public.auth_group USING btree (name varchar_pattern_ops);


--
-- Name: auth_group_permissions_group_id_b120cbf9; Type: INDEX; Schema: public; Owner: postgres
--

CREATE INDEX auth_group_permissions_group_id_b120cbf9 ON public.auth_group_permissions USING btree (group_id);


--
-- Name: auth_group_permissions_permission_id_84c5c92e; Type: INDEX; Schema: public; Owner: postgres
--

CREATE INDEX auth_group_permissions_permission_id_84c5c92e ON public.auth_group_permissions USING btree (permission_id);


--
-- Name: auth_permission_content_type_id_2f476e4b; Type: INDEX; Schema: public; Owner: postgres
--

CREATE INDEX auth_permission_content_type_id_2f476e4b ON public.auth_permission USING btree (content_type_id);


--
-- Name: django_admin_log_content_type_id_c4bce8eb; Type: INDEX; Schema: public; Owner: postgres
--

CREATE INDEX django_admin_log_content_type_id_c4bce8eb ON public.django_admin_log USING btree (content_type_id);


--
-- Name: django_admin_log_user_id_c564eba6; Type: INDEX; Schema: public; Owner: postgres
--

CREATE INDEX django_admin_log_user_id_c564eba6 ON public.django_admin_log USING btree (user_id);


--
-- Name: django_session_expire_date_a5c62663; Type: INDEX; Schema: public; Owner: postgres
--

CREATE INDEX django_session_expire_date_a5c62663 ON public.django_session USING btree (expire_date);


--
-- Name: django_session_session_key_c0390e0f_like; Type: INDEX; Schema: public; Owner: postgres
--

CREATE INDEX django_session_session_key_c0390e0f_like ON public.django_session USING btree (session_key varchar_pattern_ops);


--
-- Name: logger_trip_user_id_ce8630b9; Type: INDEX; Schema: public; Owner: postgres
--

CREATE INDEX logger_trip_user_id_ce8630b9 ON public.logger_trip USING btree (user_id);


--
-- Name: users_cavinguser_email_94ca5808_like; Type: INDEX; Schema: public; Owner: postgres
--

CREATE INDEX users_cavinguser_email_94ca5808_like ON public.users_cavinguser USING btree (email varchar_pattern_ops);


--
-- Name: users_cavinguser_groups_cavinguser_id_19afa393; Type: INDEX; Schema: public; Owner: postgres
--

CREATE INDEX users_cavinguser_groups_cavinguser_id_19afa393 ON public.users_cavinguser_groups USING btree (cavinguser_id);


--
-- Name: users_cavinguser_groups_group_id_73e2de0f; Type: INDEX; Schema: public; Owner: postgres
--

CREATE INDEX users_cavinguser_groups_group_id_73e2de0f ON public.users_cavinguser_groups USING btree (group_id);


--
-- Name: users_cavinguser_user_permissions_cavinguser_id_17f483d5; Type: INDEX; Schema: public; Owner: postgres
--

CREATE INDEX users_cavinguser_user_permissions_cavinguser_id_17f483d5 ON public.users_cavinguser_user_permissions USING btree (cavinguser_id);


--
-- Name: users_cavinguser_user_permissions_permission_id_0fb41e0d; Type: INDEX; Schema: public; Owner: postgres
--

CREATE INDEX users_cavinguser_user_permissions_permission_id_0fb41e0d ON public.users_cavinguser_user_permissions USING btree (permission_id);


--
-- Name: users_cavinguser_username_c73822da_like; Type: INDEX; Schema: public; Owner: postgres
--

CREATE INDEX users_cavinguser_username_c73822da_like ON public.users_cavinguser USING btree (username varchar_pattern_ops);


--
-- Name: auth_group_permissions auth_group_permissio_permission_id_84c5c92e_fk_auth_perm; Type: FK CONSTRAINT; Schema: public; Owner: postgres
--

ALTER TABLE ONLY public.auth_group_permissions
    ADD CONSTRAINT auth_group_permissio_permission_id_84c5c92e_fk_auth_perm FOREIGN KEY (permission_id) REFERENCES public.auth_permission(id) DEFERRABLE INITIALLY DEFERRED;


--
-- Name: auth_group_permissions auth_group_permissions_group_id_b120cbf9_fk_auth_group_id; Type: FK CONSTRAINT; Schema: public; Owner: postgres
--

ALTER TABLE ONLY public.auth_group_permissions
    ADD CONSTRAINT auth_group_permissions_group_id_b120cbf9_fk_auth_group_id FOREIGN KEY (group_id) REFERENCES public.auth_group(id) DEFERRABLE INITIALLY DEFERRED;


--
-- Name: auth_permission auth_permission_content_type_id_2f476e4b_fk_django_co; Type: FK CONSTRAINT; Schema: public; Owner: postgres
--

ALTER TABLE ONLY public.auth_permission
    ADD CONSTRAINT auth_permission_content_type_id_2f476e4b_fk_django_co FOREIGN KEY (content_type_id) REFERENCES public.django_content_type(id) DEFERRABLE INITIALLY DEFERRED;


--
-- Name: django_admin_log django_admin_log_content_type_id_c4bce8eb_fk_django_co; Type: FK CONSTRAINT; Schema: public; Owner: postgres
--

ALTER TABLE ONLY public.django_admin_log
    ADD CONSTRAINT django_admin_log_content_type_id_c4bce8eb_fk_django_co FOREIGN KEY (content_type_id) REFERENCES public.django_content_type(id) DEFERRABLE INITIALLY DEFERRED;


--
-- Name: django_admin_log django_admin_log_user_id_c564eba6_fk_users_cavinguser_id; Type: FK CONSTRAINT; Schema: public; Owner: postgres
--

ALTER TABLE ONLY public.django_admin_log
    ADD CONSTRAINT django_admin_log_user_id_c564eba6_fk_users_cavinguser_id FOREIGN KEY (user_id) REFERENCES public.users_cavinguser(id) DEFERRABLE INITIALLY DEFERRED;


--
-- Name: logger_trip logger_trip_user_id_ce8630b9_fk_users_cavinguser_id; Type: FK CONSTRAINT; Schema: public; Owner: postgres
--

ALTER TABLE ONLY public.logger_trip
    ADD CONSTRAINT logger_trip_user_id_ce8630b9_fk_users_cavinguser_id FOREIGN KEY (user_id) REFERENCES public.users_cavinguser(id) DEFERRABLE INITIALLY DEFERRED;


--
-- Name: users_cavinguser_groups users_cavinguser_gro_cavinguser_id_19afa393_fk_users_cav; Type: FK CONSTRAINT; Schema: public; Owner: postgres
--

ALTER TABLE ONLY public.users_cavinguser_groups
    ADD CONSTRAINT users_cavinguser_gro_cavinguser_id_19afa393_fk_users_cav FOREIGN KEY (cavinguser_id) REFERENCES public.users_cavinguser(id) DEFERRABLE INITIALLY DEFERRED;


--
-- Name: users_cavinguser_groups users_cavinguser_groups_group_id_73e2de0f_fk_auth_group_id; Type: FK CONSTRAINT; Schema: public; Owner: postgres
--

ALTER TABLE ONLY public.users_cavinguser_groups
    ADD CONSTRAINT users_cavinguser_groups_group_id_73e2de0f_fk_auth_group_id FOREIGN KEY (group_id) REFERENCES public.auth_group(id) DEFERRABLE INITIALLY DEFERRED;


--
-- Name: users_cavinguser_user_permissions users_cavinguser_use_cavinguser_id_17f483d5_fk_users_cav; Type: FK CONSTRAINT; Schema: public; Owner: postgres
--

ALTER TABLE ONLY public.users_cavinguser_user_permissions
    ADD CONSTRAINT users_cavinguser_use_cavinguser_id_17f483d5_fk_users_cav FOREIGN KEY (cavinguser_id) REFERENCES public.users_cavinguser(id) DEFERRABLE INITIALLY DEFERRED;


--
-- Name: users_cavinguser_user_permissions users_cavinguser_use_permission_id_0fb41e0d_fk_auth_perm; Type: FK CONSTRAINT; Schema: public; Owner: postgres
--

ALTER TABLE ONLY public.users_cavinguser_user_permissions
    ADD CONSTRAINT users_cavinguser_use_permission_id_0fb41e0d_fk_auth_perm FOREIGN KEY (permission_id) REFERENCES public.auth_permission(id) DEFERRABLE INITIALLY DEFERRED;


--
-- PostgreSQL database dump complete
--
