--
-- Databases
--

--
-- Database "template1" dump
--

--
-- PostgreSQL database dump
--

-- Dumped from database version 15.2
-- Dumped by pg_dump version 15.2

SET statement_timeout = 0;
SET lock_timeout = 0;
SET idle_in_transaction_session_timeout = 0;
SET client_encoding = 'UTF8';
SET standard_conforming_strings = on;
SELECT pg_catalog.set_config('search_path', '', false);
SET check_function_bodies = false;
SET xmloption = content;
SET client_min_messages = warning;
SET row_security = off;

UPDATE pg_catalog.pg_database SET datistemplate = false WHERE datname = 'template1';
DROP DATABASE template1;
--
-- Name: template1; Type: DATABASE; Schema: -; Owner: postgres
--

CREATE DATABASE template1 WITH TEMPLATE = template0 ENCODING = 'UTF8' LOCALE_PROVIDER = libc LOCALE = 'en_US.utf8';


ALTER DATABASE template1 OWNER TO postgres;

\connect template1

SET statement_timeout = 0;
SET lock_timeout = 0;
SET idle_in_transaction_session_timeout = 0;
SET client_encoding = 'UTF8';
SET standard_conforming_strings = on;
SELECT pg_catalog.set_config('search_path', '', false);
SET check_function_bodies = false;
SET xmloption = content;
SET client_min_messages = warning;
SET row_security = off;

--
-- Name: DATABASE template1; Type: COMMENT; Schema: -; Owner: postgres
--

COMMENT ON DATABASE template1 IS 'default template for new databases';


--
-- Name: template1; Type: DATABASE PROPERTIES; Schema: -; Owner: postgres
--

ALTER DATABASE template1 IS_TEMPLATE = true;


\connect template1

SET statement_timeout = 0;
SET lock_timeout = 0;
SET idle_in_transaction_session_timeout = 0;
SET client_encoding = 'UTF8';
SET standard_conforming_strings = on;
SELECT pg_catalog.set_config('search_path', '', false);
SET check_function_bodies = false;
SET xmloption = content;
SET client_min_messages = warning;
SET row_security = off;

--
-- Name: DATABASE template1; Type: ACL; Schema: -; Owner: postgres
--

REVOKE CONNECT,TEMPORARY ON DATABASE template1 FROM PUBLIC;
GRANT CONNECT ON DATABASE template1 TO PUBLIC;


--
-- PostgreSQL database dump complete
--

--
-- Database "postgres" dump
--

--
-- PostgreSQL database dump
--

-- Dumped from database version 15.2
-- Dumped by pg_dump version 15.2

SET statement_timeout = 0;
SET lock_timeout = 0;
SET idle_in_transaction_session_timeout = 0;
SET client_encoding = 'UTF8';
SET standard_conforming_strings = on;
SELECT pg_catalog.set_config('search_path', '', false);
SET check_function_bodies = false;
SET xmloption = content;
SET client_min_messages = warning;
SET row_security = off;

DROP DATABASE postgres;
--
-- Name: postgres; Type: DATABASE; Schema: -; Owner: postgres
--

CREATE DATABASE postgres WITH TEMPLATE = template0 ENCODING = 'UTF8' LOCALE_PROVIDER = libc LOCALE = 'en_US.utf8';


ALTER DATABASE postgres OWNER TO postgres;

\connect postgres

SET statement_timeout = 0;
SET lock_timeout = 0;
SET idle_in_transaction_session_timeout = 0;
SET client_encoding = 'UTF8';
SET standard_conforming_strings = on;
SELECT pg_catalog.set_config('search_path', '', false);
SET check_function_bodies = false;
SET xmloption = content;
SET client_min_messages = warning;
SET row_security = off;

--
-- Name: DATABASE postgres; Type: COMMENT; Schema: -; Owner: postgres
--

COMMENT ON DATABASE postgres IS 'default administrative connection database';


SET default_tablespace = '';

SET default_table_access_method = heap;

--
-- Name: auth_group; Type: TABLE; Schema: public; Owner: postgres
--

CREATE TABLE public.auth_group (
    id integer NOT NULL,
    name character varying(150) NOT NULL
);


ALTER TABLE public.auth_group OWNER TO postgres;

--
-- Name: auth_group_id_seq; Type: SEQUENCE; Schema: public; Owner: postgres
--

ALTER TABLE public.auth_group ALTER COLUMN id ADD GENERATED BY DEFAULT AS IDENTITY (
    SEQUENCE NAME public.auth_group_id_seq
    START WITH 1
    INCREMENT BY 1
    NO MINVALUE
    NO MAXVALUE
    CACHE 1
);


--
-- Name: auth_group_permissions; Type: TABLE; Schema: public; Owner: postgres
--

CREATE TABLE public.auth_group_permissions (
    id bigint NOT NULL,
    group_id integer NOT NULL,
    permission_id integer NOT NULL
);


ALTER TABLE public.auth_group_permissions OWNER TO postgres;

--
-- Name: auth_group_permissions_id_seq; Type: SEQUENCE; Schema: public; Owner: postgres
--

ALTER TABLE public.auth_group_permissions ALTER COLUMN id ADD GENERATED BY DEFAULT AS IDENTITY (
    SEQUENCE NAME public.auth_group_permissions_id_seq
    START WITH 1
    INCREMENT BY 1
    NO MINVALUE
    NO MAXVALUE
    CACHE 1
);


--
-- Name: auth_permission; Type: TABLE; Schema: public; Owner: postgres
--

CREATE TABLE public.auth_permission (
    id integer NOT NULL,
    name character varying(255) NOT NULL,
    content_type_id integer NOT NULL,
    codename character varying(100) NOT NULL
);


ALTER TABLE public.auth_permission OWNER TO postgres;

--
-- Name: auth_permission_id_seq; Type: SEQUENCE; Schema: public; Owner: postgres
--

ALTER TABLE public.auth_permission ALTER COLUMN id ADD GENERATED BY DEFAULT AS IDENTITY (
    SEQUENCE NAME public.auth_permission_id_seq
    START WITH 1
    INCREMENT BY 1
    NO MINVALUE
    NO MAXVALUE
    CACHE 1
);


--
-- Name: core_faq; Type: TABLE; Schema: public; Owner: postgres
--

CREATE TABLE public.core_faq (
    id bigint NOT NULL,
    question character varying(100) NOT NULL,
    answer text NOT NULL,
    added timestamp with time zone NOT NULL,
    updated timestamp with time zone NOT NULL,
    author_id bigint
);


ALTER TABLE public.core_faq OWNER TO postgres;

--
-- Name: core_faq_id_seq; Type: SEQUENCE; Schema: public; Owner: postgres
--

ALTER TABLE public.core_faq ALTER COLUMN id ADD GENERATED BY DEFAULT AS IDENTITY (
    SEQUENCE NAME public.core_faq_id_seq
    START WITH 1
    INCREMENT BY 1
    NO MINVALUE
    NO MAXVALUE
    CACHE 1
);


--
-- Name: core_news; Type: TABLE; Schema: public; Owner: postgres
--

CREATE TABLE public.core_news (
    id bigint NOT NULL,
    title character varying(100) NOT NULL,
    posted_at timestamp with time zone NOT NULL,
    content text NOT NULL,
    author_id bigint,
    is_published boolean NOT NULL,
    added timestamp with time zone NOT NULL,
    updated timestamp with time zone NOT NULL
);


ALTER TABLE public.core_news OWNER TO postgres;

--
-- Name: core_news_id_seq; Type: SEQUENCE; Schema: public; Owner: postgres
--

ALTER TABLE public.core_news ALTER COLUMN id ADD GENERATED BY DEFAULT AS IDENTITY (
    SEQUENCE NAME public.core_news_id_seq
    START WITH 1
    INCREMENT BY 1
    NO MINVALUE
    NO MAXVALUE
    CACHE 1
);


--
-- Name: django_admin_log; Type: TABLE; Schema: public; Owner: postgres
--

CREATE TABLE public.django_admin_log (
    id integer NOT NULL,
    action_time timestamp with time zone NOT NULL,
    object_id text,
    object_repr character varying(200) NOT NULL,
    action_flag smallint NOT NULL,
    change_message text NOT NULL,
    content_type_id integer,
    user_id bigint NOT NULL,
    CONSTRAINT django_admin_log_action_flag_check CHECK ((action_flag >= 0))
);


ALTER TABLE public.django_admin_log OWNER TO postgres;

--
-- Name: django_admin_log_id_seq; Type: SEQUENCE; Schema: public; Owner: postgres
--

ALTER TABLE public.django_admin_log ALTER COLUMN id ADD GENERATED BY DEFAULT AS IDENTITY (
    SEQUENCE NAME public.django_admin_log_id_seq
    START WITH 1
    INCREMENT BY 1
    NO MINVALUE
    NO MAXVALUE
    CACHE 1
);


--
-- Name: django_content_type; Type: TABLE; Schema: public; Owner: postgres
--

CREATE TABLE public.django_content_type (
    id integer NOT NULL,
    app_label character varying(100) NOT NULL,
    model character varying(100) NOT NULL
);


ALTER TABLE public.django_content_type OWNER TO postgres;

--
-- Name: django_content_type_id_seq; Type: SEQUENCE; Schema: public; Owner: postgres
--

ALTER TABLE public.django_content_type ALTER COLUMN id ADD GENERATED BY DEFAULT AS IDENTITY (
    SEQUENCE NAME public.django_content_type_id_seq
    START WITH 1
    INCREMENT BY 1
    NO MINVALUE
    NO MAXVALUE
    CACHE 1
);


--
-- Name: django_migrations; Type: TABLE; Schema: public; Owner: postgres
--

CREATE TABLE public.django_migrations (
    id bigint NOT NULL,
    app character varying(255) NOT NULL,
    name character varying(255) NOT NULL,
    applied timestamp with time zone NOT NULL
);


ALTER TABLE public.django_migrations OWNER TO postgres;

--
-- Name: django_migrations_id_seq; Type: SEQUENCE; Schema: public; Owner: postgres
--

ALTER TABLE public.django_migrations ALTER COLUMN id ADD GENERATED BY DEFAULT AS IDENTITY (
    SEQUENCE NAME public.django_migrations_id_seq
    START WITH 1
    INCREMENT BY 1
    NO MINVALUE
    NO MAXVALUE
    CACHE 1
);


--
-- Name: django_session; Type: TABLE; Schema: public; Owner: postgres
--

CREATE TABLE public.django_session (
    session_key character varying(40) NOT NULL,
    session_data text NOT NULL,
    expire_date timestamp with time zone NOT NULL
);


ALTER TABLE public.django_session OWNER TO postgres;

--
-- Name: logger_comment; Type: TABLE; Schema: public; Owner: postgres
--

CREATE TABLE public.logger_comment (
    id bigint NOT NULL,
    content text NOT NULL,
    added timestamp with time zone NOT NULL,
    updated timestamp with time zone NOT NULL,
    object_id integer NOT NULL,
    author_id bigint NOT NULL,
    content_type_id integer NOT NULL,
    CONSTRAINT logger_comment_object_id_check CHECK ((object_id >= 0))
);


ALTER TABLE public.logger_comment OWNER TO postgres;

--
-- Name: logger_comment_id_seq; Type: SEQUENCE; Schema: public; Owner: postgres
--

ALTER TABLE public.logger_comment ALTER COLUMN id ADD GENERATED BY DEFAULT AS IDENTITY (
    SEQUENCE NAME public.logger_comment_id_seq
    START WITH 1
    INCREMENT BY 1
    NO MINVALUE
    NO MAXVALUE
    CACHE 1
);


--
-- Name: logger_trip; Type: TABLE; Schema: public; Owner: postgres
--

CREATE TABLE public.logger_trip (
    id bigint NOT NULL,
    privacy character varying(10) NOT NULL,
    cave_name character varying(100) NOT NULL,
    cave_region character varying(100) NOT NULL,
    cave_country character varying(100) NOT NULL,
    cave_url character varying(200) NOT NULL,
    start timestamp with time zone NOT NULL,
    "end" timestamp with time zone,
    type character varying(15) NOT NULL,
    cavers character varying(250) NOT NULL,
    clubs character varying(100) NOT NULL,
    expedition character varying(100) NOT NULL,
    added timestamp with time zone NOT NULL,
    updated timestamp with time zone NOT NULL,
    horizontal_dist numeric(14,6),
    vert_dist_down numeric(14,6),
    vert_dist_up numeric(14,6),
    surveyed_dist numeric(14,6),
    aid_dist numeric(14,6),
    notes text NOT NULL,
    user_id bigint NOT NULL,
    aid_dist_units character varying(29),
    horizontal_dist_units character varying(29),
    surveyed_dist_units character varying(29),
    vert_dist_down_units character varying(29),
    vert_dist_up_units character varying(29),
    resurveyed_dist numeric(14,6),
    resurveyed_dist_units character varying(29),
    duration interval,
    duration_str character varying(100)
);


ALTER TABLE public.logger_trip OWNER TO postgres;

--
-- Name: logger_trip_id_seq; Type: SEQUENCE; Schema: public; Owner: postgres
--

ALTER TABLE public.logger_trip ALTER COLUMN id ADD GENERATED BY DEFAULT AS IDENTITY (
    SEQUENCE NAME public.logger_trip_id_seq
    START WITH 1
    INCREMENT BY 1
    NO MINVALUE
    NO MAXVALUE
    CACHE 1
);


--
-- Name: logger_trip_likes; Type: TABLE; Schema: public; Owner: postgres
--

CREATE TABLE public.logger_trip_likes (
    id bigint NOT NULL,
    trip_id bigint NOT NULL,
    cavinguser_id bigint NOT NULL
);


ALTER TABLE public.logger_trip_likes OWNER TO postgres;

--
-- Name: logger_trip_likes_id_seq; Type: SEQUENCE; Schema: public; Owner: postgres
--

ALTER TABLE public.logger_trip_likes ALTER COLUMN id ADD GENERATED BY DEFAULT AS IDENTITY (
    SEQUENCE NAME public.logger_trip_likes_id_seq
    START WITH 1
    INCREMENT BY 1
    NO MINVALUE
    NO MAXVALUE
    CACHE 1
);


--
-- Name: logger_tripreport; Type: TABLE; Schema: public; Owner: postgres
--

CREATE TABLE public.logger_tripreport (
    trip_id bigint NOT NULL,
    title character varying(100) NOT NULL,
    pub_date date NOT NULL,
    slug character varying(100) NOT NULL,
    content text NOT NULL,
    added timestamp with time zone NOT NULL,
    updated timestamp with time zone NOT NULL,
    privacy character varying(10) NOT NULL,
    user_id bigint NOT NULL
);


ALTER TABLE public.logger_tripreport OWNER TO postgres;

--
-- Name: logger_tripreport_likes; Type: TABLE; Schema: public; Owner: postgres
--

CREATE TABLE public.logger_tripreport_likes (
    id bigint NOT NULL,
    tripreport_id bigint NOT NULL,
    cavinguser_id bigint NOT NULL
);


ALTER TABLE public.logger_tripreport_likes OWNER TO postgres;

--
-- Name: logger_tripreport_likes_id_seq; Type: SEQUENCE; Schema: public; Owner: postgres
--

ALTER TABLE public.logger_tripreport_likes ALTER COLUMN id ADD GENERATED BY DEFAULT AS IDENTITY (
    SEQUENCE NAME public.logger_tripreport_likes_id_seq
    START WITH 1
    INCREMENT BY 1
    NO MINVALUE
    NO MAXVALUE
    CACHE 1
);


--
-- Name: mailer_dontsendentry; Type: TABLE; Schema: public; Owner: postgres
--

CREATE TABLE public.mailer_dontsendentry (
    id bigint NOT NULL,
    to_address character varying(254) NOT NULL,
    when_added timestamp with time zone NOT NULL
);


ALTER TABLE public.mailer_dontsendentry OWNER TO postgres;

--
-- Name: mailer_dontsendentry_id_seq; Type: SEQUENCE; Schema: public; Owner: postgres
--

ALTER TABLE public.mailer_dontsendentry ALTER COLUMN id ADD GENERATED BY DEFAULT AS IDENTITY (
    SEQUENCE NAME public.mailer_dontsendentry_id_seq
    START WITH 1
    INCREMENT BY 1
    NO MINVALUE
    NO MAXVALUE
    CACHE 1
);


--
-- Name: mailer_message; Type: TABLE; Schema: public; Owner: postgres
--

CREATE TABLE public.mailer_message (
    id bigint NOT NULL,
    message_data text NOT NULL,
    when_added timestamp with time zone NOT NULL,
    priority smallint NOT NULL,
    CONSTRAINT mailer_message_priority_4f7b1370_check CHECK ((priority >= 0))
);


ALTER TABLE public.mailer_message OWNER TO postgres;

--
-- Name: mailer_message_id_seq; Type: SEQUENCE; Schema: public; Owner: postgres
--

ALTER TABLE public.mailer_message ALTER COLUMN id ADD GENERATED BY DEFAULT AS IDENTITY (
    SEQUENCE NAME public.mailer_message_id_seq
    START WITH 1
    INCREMENT BY 1
    NO MINVALUE
    NO MAXVALUE
    CACHE 1
);


--
-- Name: mailer_messagelog; Type: TABLE; Schema: public; Owner: postgres
--

CREATE TABLE public.mailer_messagelog (
    id bigint NOT NULL,
    message_data text NOT NULL,
    when_added timestamp with time zone NOT NULL,
    priority smallint NOT NULL,
    when_attempted timestamp with time zone NOT NULL,
    result character varying(1) NOT NULL,
    log_message text NOT NULL,
    message_id text,
    CONSTRAINT mailer_messagelog_priority_5e712cf3_check CHECK ((priority >= 0))
);


ALTER TABLE public.mailer_messagelog OWNER TO postgres;

--
-- Name: mailer_messagelog_id_seq; Type: SEQUENCE; Schema: public; Owner: postgres
--

ALTER TABLE public.mailer_messagelog ALTER COLUMN id ADD GENERATED BY DEFAULT AS IDENTITY (
    SEQUENCE NAME public.mailer_messagelog_id_seq
    START WITH 1
    INCREMENT BY 1
    NO MINVALUE
    NO MAXVALUE
    CACHE 1
);


--
-- Name: users_cavinguser; Type: TABLE; Schema: public; Owner: postgres
--

CREATE TABLE public.users_cavinguser (
    id bigint NOT NULL,
    password character varying(128) NOT NULL,
    last_login timestamp with time zone,
    is_superuser boolean NOT NULL,
    email character varying(255) NOT NULL,
    username character varying(30) NOT NULL,
    is_active boolean NOT NULL,
    date_joined timestamp with time zone NOT NULL,
    last_seen timestamp with time zone NOT NULL,
    name character varying(25) NOT NULL,
    allow_comments boolean NOT NULL,
    allow_friend_email boolean NOT NULL,
    allow_friend_username boolean NOT NULL,
    bio text NOT NULL,
    clubs character varying(50) NOT NULL,
    country character varying(2) NOT NULL,
    location character varying(50) NOT NULL,
    page_title character varying(50) NOT NULL,
    privacy character varying(10) NOT NULL,
    private_notes boolean NOT NULL,
    public_statistics boolean NOT NULL,
    timezone character varying(63) NOT NULL,
    units character varying(10) NOT NULL
);


ALTER TABLE public.users_cavinguser OWNER TO postgres;

--
-- Name: users_cavinguser_friends; Type: TABLE; Schema: public; Owner: postgres
--

CREATE TABLE public.users_cavinguser_friends (
    id bigint NOT NULL,
    from_cavinguser_id bigint NOT NULL,
    to_cavinguser_id bigint NOT NULL
);


ALTER TABLE public.users_cavinguser_friends OWNER TO postgres;

--
-- Name: users_cavinguser_friends_id_seq; Type: SEQUENCE; Schema: public; Owner: postgres
--

ALTER TABLE public.users_cavinguser_friends ALTER COLUMN id ADD GENERATED BY DEFAULT AS IDENTITY (
    SEQUENCE NAME public.users_cavinguser_friends_id_seq
    START WITH 1
    INCREMENT BY 1
    NO MINVALUE
    NO MAXVALUE
    CACHE 1
);


--
-- Name: users_cavinguser_groups; Type: TABLE; Schema: public; Owner: postgres
--

CREATE TABLE public.users_cavinguser_groups (
    id bigint NOT NULL,
    cavinguser_id bigint NOT NULL,
    group_id integer NOT NULL
);


ALTER TABLE public.users_cavinguser_groups OWNER TO postgres;

--
-- Name: users_cavinguser_groups_id_seq; Type: SEQUENCE; Schema: public; Owner: postgres
--

ALTER TABLE public.users_cavinguser_groups ALTER COLUMN id ADD GENERATED BY DEFAULT AS IDENTITY (
    SEQUENCE NAME public.users_cavinguser_groups_id_seq
    START WITH 1
    INCREMENT BY 1
    NO MINVALUE
    NO MAXVALUE
    CACHE 1
);


--
-- Name: users_cavinguser_id_seq; Type: SEQUENCE; Schema: public; Owner: postgres
--

ALTER TABLE public.users_cavinguser ALTER COLUMN id ADD GENERATED BY DEFAULT AS IDENTITY (
    SEQUENCE NAME public.users_cavinguser_id_seq
    START WITH 1
    INCREMENT BY 1
    NO MINVALUE
    NO MAXVALUE
    CACHE 1
);


--
-- Name: users_cavinguser_user_permissions; Type: TABLE; Schema: public; Owner: postgres
--

CREATE TABLE public.users_cavinguser_user_permissions (
    id bigint NOT NULL,
    cavinguser_id bigint NOT NULL,
    permission_id integer NOT NULL
);


ALTER TABLE public.users_cavinguser_user_permissions OWNER TO postgres;

--
-- Name: users_cavinguser_user_permissions_id_seq; Type: SEQUENCE; Schema: public; Owner: postgres
--

ALTER TABLE public.users_cavinguser_user_permissions ALTER COLUMN id ADD GENERATED BY DEFAULT AS IDENTITY (
    SEQUENCE NAME public.users_cavinguser_user_permissions_id_seq
    START WITH 1
    INCREMENT BY 1
    NO MINVALUE
    NO MAXVALUE
    CACHE 1
);


--
-- Name: users_friendrequest; Type: TABLE; Schema: public; Owner: postgres
--

CREATE TABLE public.users_friendrequest (
    id bigint NOT NULL,
    created timestamp with time zone NOT NULL,
    user_from_id bigint NOT NULL,
    user_to_id bigint NOT NULL
);


ALTER TABLE public.users_friendrequest OWNER TO postgres;

--
-- Name: users_friendrequest_id_seq; Type: SEQUENCE; Schema: public; Owner: postgres
--

ALTER TABLE public.users_friendrequest ALTER COLUMN id ADD GENERATED BY DEFAULT AS IDENTITY (
    SEQUENCE NAME public.users_friendrequest_id_seq
    START WITH 1
    INCREMENT BY 1
    NO MINVALUE
    NO MAXVALUE
    CACHE 1
);


--
-- Name: users_notification; Type: TABLE; Schema: public; Owner: postgres
--

CREATE TABLE public.users_notification (
    id bigint NOT NULL,
    message character varying(255) NOT NULL,
    url character varying(255) NOT NULL,
    read boolean NOT NULL,
    added timestamp with time zone NOT NULL,
    user_id bigint NOT NULL
);


ALTER TABLE public.users_notification OWNER TO postgres;

--
-- Name: users_notification_id_seq; Type: SEQUENCE; Schema: public; Owner: postgres
--

ALTER TABLE public.users_notification ALTER COLUMN id ADD GENERATED BY DEFAULT AS IDENTITY (
    SEQUENCE NAME public.users_notification_id_seq
    START WITH 1
    INCREMENT BY 1
    NO MINVALUE
    NO MAXVALUE
    CACHE 1
);


--
-- Data for Name: auth_group; Type: TABLE DATA; Schema: public; Owner: postgres
--

COPY public.auth_group (id, name) FROM stdin;
\.


--
-- Data for Name: auth_group_permissions; Type: TABLE DATA; Schema: public; Owner: postgres
--

COPY public.auth_group_permissions (id, group_id, permission_id) FROM stdin;
\.


--
-- Data for Name: auth_permission; Type: TABLE DATA; Schema: public; Owner: postgres
--

COPY public.auth_permission (id, name, content_type_id, codename) FROM stdin;
1	Can add FAQ	1	add_faq
2	Can change FAQ	1	change_faq
3	Can delete FAQ	1	delete_faq
4	Can view FAQ	1	view_faq
5	Can add news	2	add_news
6	Can change news	2	change_news
7	Can delete news	2	delete_news
8	Can view news	2	view_news
9	Can add user	3	add_cavinguser
10	Can change user	3	change_cavinguser
11	Can delete user	3	delete_cavinguser
12	Can view user	3	view_cavinguser
13	Can add notification	4	add_notification
14	Can change notification	4	change_notification
15	Can delete notification	4	delete_notification
16	Can view notification	4	view_notification
17	Can add friend request	5	add_friendrequest
18	Can change friend request	5	change_friendrequest
19	Can delete friend request	5	delete_friendrequest
20	Can view friend request	5	view_friendrequest
21	Can add trip	6	add_trip
22	Can change trip	6	change_trip
23	Can delete trip	6	delete_trip
24	Can view trip	6	view_trip
25	Can add trip report	7	add_tripreport
26	Can change trip report	7	change_tripreport
27	Can delete trip report	7	delete_tripreport
28	Can view trip report	7	view_tripreport
29	Can add comment	8	add_comment
30	Can change comment	8	change_comment
31	Can delete comment	8	delete_comment
32	Can view comment	8	view_comment
33	Can add log entry	9	add_logentry
34	Can change log entry	9	change_logentry
35	Can delete log entry	9	delete_logentry
36	Can view log entry	9	view_logentry
37	Can add permission	10	add_permission
38	Can change permission	10	change_permission
39	Can delete permission	10	delete_permission
40	Can view permission	10	view_permission
41	Can add group	11	add_group
42	Can change group	11	change_group
43	Can delete group	11	delete_group
44	Can view group	11	view_group
45	Can add content type	12	add_contenttype
46	Can change content type	12	change_contenttype
47	Can delete content type	12	delete_contenttype
48	Can view content type	12	view_contenttype
49	Can add session	13	add_session
50	Can change session	13	change_session
51	Can delete session	13	delete_session
52	Can view session	13	view_session
53	Can add don't send entry	14	add_dontsendentry
54	Can change don't send entry	14	change_dontsendentry
55	Can delete don't send entry	14	delete_dontsendentry
56	Can view don't send entry	14	view_dontsendentry
57	Can add message	15	add_message
58	Can change message	15	change_message
59	Can delete message	15	delete_message
60	Can view message	15	view_message
61	Can add message log	16	add_messagelog
62	Can change message log	16	change_messagelog
63	Can delete message log	16	delete_messagelog
64	Can view message log	16	view_messagelog
\.


--
-- Data for Name: core_faq; Type: TABLE DATA; Schema: public; Owner: postgres
--

COPY public.core_faq (id, question, answer, added, updated, author_id) FROM stdin;
\.


--
-- Data for Name: core_news; Type: TABLE DATA; Schema: public; Owner: postgres
--

COPY public.core_news (id, title, posted_at, content, author_id, is_published, added, updated) FROM stdin;
\.


--
-- Data for Name: django_admin_log; Type: TABLE DATA; Schema: public; Owner: postgres
--

COPY public.django_admin_log (id, action_time, object_id, object_repr, action_flag, change_message, content_type_id, user_id) FROM stdin;
\.


--
-- Data for Name: django_content_type; Type: TABLE DATA; Schema: public; Owner: postgres
--

COPY public.django_content_type (id, app_label, model) FROM stdin;
1	core	faq
2	core	news
3	users	cavinguser
4	users	notification
5	users	friendrequest
6	logger	trip
7	logger	tripreport
8	logger	comment
9	admin	logentry
10	auth	permission
11	auth	group
12	contenttypes	contenttype
13	sessions	session
14	mailer	dontsendentry
15	mailer	message
16	mailer	messagelog
\.


--
-- Data for Name: django_migrations; Type: TABLE DATA; Schema: public; Owner: postgres
--

COPY public.django_migrations (id, app, name, applied) FROM stdin;
1	contenttypes	0001_initial	2023-04-29 12:59:04.652939+00
2	contenttypes	0002_remove_content_type_name	2023-04-29 12:59:04.661823+00
3	auth	0001_initial	2023-04-29 12:59:04.727682+00
4	auth	0002_alter_permission_name_max_length	2023-04-29 12:59:04.732998+00
5	auth	0003_alter_user_email_max_length	2023-04-29 12:59:04.736051+00
6	auth	0004_alter_user_username_opts	2023-04-29 12:59:04.738815+00
7	auth	0005_alter_user_last_login_null	2023-04-29 12:59:04.741424+00
8	auth	0006_require_contenttypes_0002	2023-04-29 12:59:04.742811+00
9	auth	0007_alter_validators_add_error_messages	2023-04-29 12:59:04.745633+00
10	auth	0008_alter_user_username_max_length	2023-04-29 12:59:04.748352+00
11	auth	0009_alter_user_last_name_max_length	2023-04-29 12:59:04.751185+00
12	auth	0010_alter_group_name_max_length	2023-04-29 12:59:04.757339+00
13	auth	0011_update_proxy_permissions	2023-04-29 12:59:04.760209+00
14	auth	0012_alter_user_first_name_max_length	2023-04-29 12:59:04.762975+00
15	users	0001_initial	2023-04-29 12:59:05.127284+00
16	users	0002_alter_cavinguser_timezone_alter_cavinguser_units	2023-04-29 12:59:05.133116+00
17	users	0003_cavinguser_profile_page_title_and_more	2023-04-29 12:59:05.134714+00
18	users	0004_alter_cavinguser_profile_page_title_and_more	2023-04-29 12:59:05.136209+00
19	users	0005_cavinguser_private_notes_alter_cavinguser_bio_and_more	2023-04-29 12:59:05.137526+00
20	users	0006_remove_cavinguser_first_name_and_more	2023-04-29 12:59:05.138865+00
21	users	0007_alter_cavinguser_name	2023-04-29 12:59:05.14025+00
22	users	0008_alter_cavinguser_privacy	2023-04-29 12:59:05.14158+00
23	users	0009_cavinguser_last_seen	2023-04-29 12:59:05.143236+00
24	users	0010_cavinguser_friends	2023-04-29 12:59:05.144604+00
25	users	0011_usersettings_userprofile	2023-04-29 12:59:05.145995+00
26	users	0012_remove_userprofile_id_remove_usersettings_id_and_more	2023-04-29 12:59:05.147375+00
27	users	0013_copy_profile_and_settings_data	2023-04-29 12:59:05.148676+00
28	users	0014_alter_usersettings_options_remove_cavinguser_name	2023-04-29 12:59:05.150014+00
29	users	0015_remove_cavinguser_bio_remove_cavinguser_clubs_and_more	2023-04-29 12:59:05.15136+00
30	users	0016_alter_userprofile_friends_alter_userprofile_name	2023-04-29 12:59:05.152689+00
31	users	0017_usersettings_show_statistics	2023-04-29 12:59:05.154169+00
32	users	0018_copy_show_statistics	2023-04-29 12:59:05.155515+00
33	users	0019_remove_userprofile_show_statistics	2023-04-29 12:59:05.156817+00
34	users	0020_notification_friendrequest_and_more	2023-04-29 12:59:05.158214+00
35	users	0021_alter_userprofile_name	2023-04-29 12:59:05.15956+00
36	users	0022_alter_userprofile_name	2023-04-29 12:59:05.160881+00
37	users	0023_usersettings_allow_comments_and_more	2023-04-29 12:59:05.162186+00
38	users	0024_cavinguser_name	2023-04-29 12:59:05.163477+00
39	users	0025_copy_profile_name_to_user_name	2023-04-29 12:59:05.164773+00
40	users	0026_remove_userprofile_name	2023-04-29 12:59:05.166036+00
41	admin	0001_initial	2023-04-29 12:59:05.194574+00
42	admin	0002_logentry_remove_auto_add	2023-04-29 12:59:05.20114+00
43	admin	0003_logentry_add_action_flag_choices	2023-04-29 12:59:05.208419+00
44	core	0001_initial	2023-04-29 12:59:05.257319+00
45	core	0002_alter_news_options_news_author	2023-04-29 12:59:05.258789+00
46	core	0003_news_is_published_alter_news_posted_at	2023-04-29 12:59:05.260182+00
47	core	0004_alter_news_is_published	2023-04-29 12:59:05.261526+00
48	core	0005_news_added_news_updated	2023-04-29 12:59:05.262843+00
49	core	0006_alter_news_added_alter_news_updated	2023-04-29 12:59:05.264171+00
50	core	0007_faq	2023-04-29 12:59:05.265506+00
51	core	0008_alter_faq_options	2023-04-29 12:59:05.266909+00
52	core	0009_alter_faq_answer_alter_news_content	2023-04-29 12:59:05.268254+00
53	core	0010_alter_news_posted_at	2023-04-29 12:59:05.269554+00
54	logger	0001_initial	2023-04-29 12:59:05.577177+00
55	logger	0002_trip_aid_dist_units_trip_horizontal_dist_units_and_more	2023-04-29 12:59:05.579098+00
56	logger	0003_alter_trip_aid_dist_alter_trip_horizontal_dist_and_more	2023-04-29 12:59:05.580569+00
57	logger	0004_alter_trip_type	2023-04-29 12:59:05.582038+00
58	logger	0005_tripreport	2023-04-29 12:59:05.583547+00
59	logger	0006_remove_trip_report_url	2023-04-29 12:59:05.585047+00
60	logger	0007_alter_trip_cavers	2023-04-29 12:59:05.586544+00
61	logger	0008_alter_trip_privacy_alter_tripreport_privacy	2023-04-29 12:59:05.588161+00
62	logger	0009_trip_resurveyed_dist_trip_resurveyed_dist_units_and_more	2023-04-29 12:59:05.589598+00
63	logger	0010_alter_trip_type	2023-04-29 12:59:05.591054+00
64	logger	0011_trip_duration_trip_duration_str	2023-04-29 12:59:05.592564+00
65	logger	0012_set_all_duration_fields	2023-04-29 12:59:05.59401+00
66	logger	0013_alter_trip_cavers_alter_trip_clubs_and_more	2023-04-29 12:59:05.595477+00
67	logger	0014_alter_tripreport_unique_together_and_more	2023-04-29 12:59:05.59701+00
68	logger	0015_trip_likes_tripreport_likes	2023-04-29 12:59:05.598473+00
69	logger	0016_comment_comment_logger_comm_content_0ff2fc_idx	2023-04-29 12:59:05.599961+00
70	logger	0017_rename_comment_comment_content	2023-04-29 12:59:05.601442+00
71	logger	0018_alter_comment_options	2023-04-29 12:59:05.602973+00
72	mailer	0001_initial	2023-04-29 12:59:05.644557+00
73	mailer	0002_auto_20150720_1433	2023-04-29 12:59:05.647068+00
74	mailer	0003_messagelog_message_id	2023-04-29 12:59:05.649624+00
75	mailer	0004_auto_20190920_1512	2023-04-29 12:59:05.698962+00
76	mailer	0005_id_bigautofield	2023-04-29 12:59:05.774788+00
77	sessions	0001_initial	2023-04-29 12:59:05.824333+00
78	users	0002_remove_userprofile_avatar_cavinguser_allow_comments_and_more	2023-04-29 12:59:05.959159+00
79	users	0003_copy_profile_and_settings_data_to_user_model	2023-04-29 12:59:05.971892+00
80	users	0004_remove_usersettings_user_delete_userprofile_and_more	2023-04-29 12:59:06.018547+00
81	core	0001_squash_all_core	2023-04-29 12:59:06.043139+00
82	users	0001_squash_all_users	2023-04-29 12:59:06.045713+00
83	logger	0001_squash_all_logger	2023-04-29 12:59:06.049061+00
\.


--
-- Data for Name: django_session; Type: TABLE DATA; Schema: public; Owner: postgres
--

COPY public.django_session (session_key, session_data, expire_date) FROM stdin;
\.


--
-- Data for Name: logger_comment; Type: TABLE DATA; Schema: public; Owner: postgres
--

COPY public.logger_comment (id, content, added, updated, object_id, author_id, content_type_id) FROM stdin;
\.


--
-- Data for Name: logger_trip; Type: TABLE DATA; Schema: public; Owner: postgres
--

COPY public.logger_trip (id, privacy, cave_name, cave_region, cave_country, cave_url, start, "end", type, cavers, clubs, expedition, added, updated, horizontal_dist, vert_dist_down, vert_dist_up, surveyed_dist, aid_dist, notes, user_id, aid_dist_units, horizontal_dist_units, surveyed_dist_units, vert_dist_down_units, vert_dist_up_units, resurveyed_dist, resurveyed_dist_units, duration, duration_str) FROM stdin;
\.


--
-- Data for Name: logger_trip_likes; Type: TABLE DATA; Schema: public; Owner: postgres
--

COPY public.logger_trip_likes (id, trip_id, cavinguser_id) FROM stdin;
\.


--
-- Data for Name: logger_tripreport; Type: TABLE DATA; Schema: public; Owner: postgres
--

COPY public.logger_tripreport (trip_id, title, pub_date, slug, content, added, updated, privacy, user_id) FROM stdin;
\.


--
-- Data for Name: logger_tripreport_likes; Type: TABLE DATA; Schema: public; Owner: postgres
--

COPY public.logger_tripreport_likes (id, tripreport_id, cavinguser_id) FROM stdin;
\.


--
-- Data for Name: mailer_dontsendentry; Type: TABLE DATA; Schema: public; Owner: postgres
--

COPY public.mailer_dontsendentry (id, to_address, when_added) FROM stdin;
\.


--
-- Data for Name: mailer_message; Type: TABLE DATA; Schema: public; Owner: postgres
--

COPY public.mailer_message (id, message_data, when_added, priority) FROM stdin;
\.


--
-- Data for Name: mailer_messagelog; Type: TABLE DATA; Schema: public; Owner: postgres
--

COPY public.mailer_messagelog (id, message_data, when_added, priority, when_attempted, result, log_message, message_id) FROM stdin;
\.


--
-- Data for Name: users_cavinguser; Type: TABLE DATA; Schema: public; Owner: postgres
--

COPY public.users_cavinguser (id, password, last_login, is_superuser, email, username, is_active, date_joined, last_seen, name, allow_comments, allow_friend_email, allow_friend_username, bio, clubs, country, location, page_title, privacy, private_notes, public_statistics, timezone, units) FROM stdin;
1	pbkdf2_sha256$600000$zPLT8vpdb9jxdxkjOOgOeh$MzZPje0K+iyKfkZsSwxaMu3+sJehTI4H5i/LBbkp77Q=	\N	t	admin@caves.app	admin	t	2023-04-29 12:59:18.890357+00	2023-04-29 12:59:18.689526+00	admin	t	f	t						Private	t	t	Europe/London	Metric
\.


--
-- Data for Name: users_cavinguser_friends; Type: TABLE DATA; Schema: public; Owner: postgres
--

COPY public.users_cavinguser_friends (id, from_cavinguser_id, to_cavinguser_id) FROM stdin;
\.


--
-- Data for Name: users_cavinguser_groups; Type: TABLE DATA; Schema: public; Owner: postgres
--

COPY public.users_cavinguser_groups (id, cavinguser_id, group_id) FROM stdin;
\.


--
-- Data for Name: users_cavinguser_user_permissions; Type: TABLE DATA; Schema: public; Owner: postgres
--

COPY public.users_cavinguser_user_permissions (id, cavinguser_id, permission_id) FROM stdin;
\.


--
-- Data for Name: users_friendrequest; Type: TABLE DATA; Schema: public; Owner: postgres
--

COPY public.users_friendrequest (id, created, user_from_id, user_to_id) FROM stdin;
\.


--
-- Data for Name: users_notification; Type: TABLE DATA; Schema: public; Owner: postgres
--

COPY public.users_notification (id, message, url, read, added, user_id) FROM stdin;
\.


--
-- Name: auth_group_id_seq; Type: SEQUENCE SET; Schema: public; Owner: postgres
--

SELECT pg_catalog.setval('public.auth_group_id_seq', 1, false);


--
-- Name: auth_group_permissions_id_seq; Type: SEQUENCE SET; Schema: public; Owner: postgres
--

SELECT pg_catalog.setval('public.auth_group_permissions_id_seq', 1, false);


--
-- Name: auth_permission_id_seq; Type: SEQUENCE SET; Schema: public; Owner: postgres
--

SELECT pg_catalog.setval('public.auth_permission_id_seq', 64, true);


--
-- Name: core_faq_id_seq; Type: SEQUENCE SET; Schema: public; Owner: postgres
--

SELECT pg_catalog.setval('public.core_faq_id_seq', 1, false);


--
-- Name: core_news_id_seq; Type: SEQUENCE SET; Schema: public; Owner: postgres
--

SELECT pg_catalog.setval('public.core_news_id_seq', 1, false);


--
-- Name: django_admin_log_id_seq; Type: SEQUENCE SET; Schema: public; Owner: postgres
--

SELECT pg_catalog.setval('public.django_admin_log_id_seq', 1, false);


--
-- Name: django_content_type_id_seq; Type: SEQUENCE SET; Schema: public; Owner: postgres
--

SELECT pg_catalog.setval('public.django_content_type_id_seq', 16, true);


--
-- Name: django_migrations_id_seq; Type: SEQUENCE SET; Schema: public; Owner: postgres
--

SELECT pg_catalog.setval('public.django_migrations_id_seq', 83, true);


--
-- Name: logger_comment_id_seq; Type: SEQUENCE SET; Schema: public; Owner: postgres
--

SELECT pg_catalog.setval('public.logger_comment_id_seq', 1, false);


--
-- Name: logger_trip_id_seq; Type: SEQUENCE SET; Schema: public; Owner: postgres
--

SELECT pg_catalog.setval('public.logger_trip_id_seq', 1, false);


--
-- Name: logger_trip_likes_id_seq; Type: SEQUENCE SET; Schema: public; Owner: postgres
--

SELECT pg_catalog.setval('public.logger_trip_likes_id_seq', 1, false);


--
-- Name: logger_tripreport_likes_id_seq; Type: SEQUENCE SET; Schema: public; Owner: postgres
--

SELECT pg_catalog.setval('public.logger_tripreport_likes_id_seq', 1, false);


--
-- Name: mailer_dontsendentry_id_seq; Type: SEQUENCE SET; Schema: public; Owner: postgres
--

SELECT pg_catalog.setval('public.mailer_dontsendentry_id_seq', 1, false);


--
-- Name: mailer_message_id_seq; Type: SEQUENCE SET; Schema: public; Owner: postgres
--

SELECT pg_catalog.setval('public.mailer_message_id_seq', 1, false);


--
-- Name: mailer_messagelog_id_seq; Type: SEQUENCE SET; Schema: public; Owner: postgres
--

SELECT pg_catalog.setval('public.mailer_messagelog_id_seq', 1, false);


--
-- Name: users_cavinguser_friends_id_seq; Type: SEQUENCE SET; Schema: public; Owner: postgres
--

SELECT pg_catalog.setval('public.users_cavinguser_friends_id_seq', 1, false);


--
-- Name: users_cavinguser_groups_id_seq; Type: SEQUENCE SET; Schema: public; Owner: postgres
--

SELECT pg_catalog.setval('public.users_cavinguser_groups_id_seq', 1, false);


--
-- Name: users_cavinguser_id_seq; Type: SEQUENCE SET; Schema: public; Owner: postgres
--

SELECT pg_catalog.setval('public.users_cavinguser_id_seq', 1, true);


--
-- Name: users_cavinguser_user_permissions_id_seq; Type: SEQUENCE SET; Schema: public; Owner: postgres
--

SELECT pg_catalog.setval('public.users_cavinguser_user_permissions_id_seq', 1, false);


--
-- Name: users_friendrequest_id_seq; Type: SEQUENCE SET; Schema: public; Owner: postgres
--

SELECT pg_catalog.setval('public.users_friendrequest_id_seq', 1, false);


--
-- Name: users_notification_id_seq; Type: SEQUENCE SET; Schema: public; Owner: postgres
--

SELECT pg_catalog.setval('public.users_notification_id_seq', 1, false);


--
-- Name: auth_group auth_group_name_key; Type: CONSTRAINT; Schema: public; Owner: postgres
--

ALTER TABLE ONLY public.auth_group
    ADD CONSTRAINT auth_group_name_key UNIQUE (name);


--
-- Name: auth_group_permissions auth_group_permissions_group_id_permission_id_0cd325b0_uniq; Type: CONSTRAINT; Schema: public; Owner: postgres
--

ALTER TABLE ONLY public.auth_group_permissions
    ADD CONSTRAINT auth_group_permissions_group_id_permission_id_0cd325b0_uniq UNIQUE (group_id, permission_id);


--
-- Name: auth_group_permissions auth_group_permissions_pkey; Type: CONSTRAINT; Schema: public; Owner: postgres
--

ALTER TABLE ONLY public.auth_group_permissions
    ADD CONSTRAINT auth_group_permissions_pkey PRIMARY KEY (id);


--
-- Name: auth_group auth_group_pkey; Type: CONSTRAINT; Schema: public; Owner: postgres
--

ALTER TABLE ONLY public.auth_group
    ADD CONSTRAINT auth_group_pkey PRIMARY KEY (id);


--
-- Name: auth_permission auth_permission_content_type_id_codename_01ab375a_uniq; Type: CONSTRAINT; Schema: public; Owner: postgres
--

ALTER TABLE ONLY public.auth_permission
    ADD CONSTRAINT auth_permission_content_type_id_codename_01ab375a_uniq UNIQUE (content_type_id, codename);


--
-- Name: auth_permission auth_permission_pkey; Type: CONSTRAINT; Schema: public; Owner: postgres
--

ALTER TABLE ONLY public.auth_permission
    ADD CONSTRAINT auth_permission_pkey PRIMARY KEY (id);


--
-- Name: core_faq core_faq_pkey; Type: CONSTRAINT; Schema: public; Owner: postgres
--

ALTER TABLE ONLY public.core_faq
    ADD CONSTRAINT core_faq_pkey PRIMARY KEY (id);


--
-- Name: core_news core_news_pkey; Type: CONSTRAINT; Schema: public; Owner: postgres
--

ALTER TABLE ONLY public.core_news
    ADD CONSTRAINT core_news_pkey PRIMARY KEY (id);


--
-- Name: django_admin_log django_admin_log_pkey; Type: CONSTRAINT; Schema: public; Owner: postgres
--

ALTER TABLE ONLY public.django_admin_log
    ADD CONSTRAINT django_admin_log_pkey PRIMARY KEY (id);


--
-- Name: django_content_type django_content_type_app_label_model_76bd3d3b_uniq; Type: CONSTRAINT; Schema: public; Owner: postgres
--

ALTER TABLE ONLY public.django_content_type
    ADD CONSTRAINT django_content_type_app_label_model_76bd3d3b_uniq UNIQUE (app_label, model);


--
-- Name: django_content_type django_content_type_pkey; Type: CONSTRAINT; Schema: public; Owner: postgres
--

ALTER TABLE ONLY public.django_content_type
    ADD CONSTRAINT django_content_type_pkey PRIMARY KEY (id);


--
-- Name: django_migrations django_migrations_pkey; Type: CONSTRAINT; Schema: public; Owner: postgres
--

ALTER TABLE ONLY public.django_migrations
    ADD CONSTRAINT django_migrations_pkey PRIMARY KEY (id);


--
-- Name: django_session django_session_pkey; Type: CONSTRAINT; Schema: public; Owner: postgres
--

ALTER TABLE ONLY public.django_session
    ADD CONSTRAINT django_session_pkey PRIMARY KEY (session_key);


--
-- Name: logger_comment logger_comment_pkey; Type: CONSTRAINT; Schema: public; Owner: postgres
--

ALTER TABLE ONLY public.logger_comment
    ADD CONSTRAINT logger_comment_pkey PRIMARY KEY (id);


--
-- Name: logger_trip_likes logger_trip_likes_pkey; Type: CONSTRAINT; Schema: public; Owner: postgres
--

ALTER TABLE ONLY public.logger_trip_likes
    ADD CONSTRAINT logger_trip_likes_pkey PRIMARY KEY (id);


--
-- Name: logger_trip_likes logger_trip_likes_trip_id_cavinguser_id_3654cd62_uniq; Type: CONSTRAINT; Schema: public; Owner: postgres
--

ALTER TABLE ONLY public.logger_trip_likes
    ADD CONSTRAINT logger_trip_likes_trip_id_cavinguser_id_3654cd62_uniq UNIQUE (trip_id, cavinguser_id);


--
-- Name: logger_trip logger_trip_pkey; Type: CONSTRAINT; Schema: public; Owner: postgres
--

ALTER TABLE ONLY public.logger_trip
    ADD CONSTRAINT logger_trip_pkey PRIMARY KEY (id);


--
-- Name: logger_tripreport_likes logger_tripreport_likes_pkey; Type: CONSTRAINT; Schema: public; Owner: postgres
--

ALTER TABLE ONLY public.logger_tripreport_likes
    ADD CONSTRAINT logger_tripreport_likes_pkey PRIMARY KEY (id);


--
-- Name: logger_tripreport_likes logger_tripreport_likes_tripreport_id_cavinguser_e42be7a9_uniq; Type: CONSTRAINT; Schema: public; Owner: postgres
--

ALTER TABLE ONLY public.logger_tripreport_likes
    ADD CONSTRAINT logger_tripreport_likes_tripreport_id_cavinguser_e42be7a9_uniq UNIQUE (tripreport_id, cavinguser_id);


--
-- Name: logger_tripreport logger_tripreport_pkey; Type: CONSTRAINT; Schema: public; Owner: postgres
--

ALTER TABLE ONLY public.logger_tripreport
    ADD CONSTRAINT logger_tripreport_pkey PRIMARY KEY (trip_id);


--
-- Name: mailer_dontsendentry mailer_dontsendentry_pkey; Type: CONSTRAINT; Schema: public; Owner: postgres
--

ALTER TABLE ONLY public.mailer_dontsendentry
    ADD CONSTRAINT mailer_dontsendentry_pkey PRIMARY KEY (id);


--
-- Name: mailer_message mailer_message_pkey; Type: CONSTRAINT; Schema: public; Owner: postgres
--

ALTER TABLE ONLY public.mailer_message
    ADD CONSTRAINT mailer_message_pkey PRIMARY KEY (id);


--
-- Name: mailer_messagelog mailer_messagelog_pkey; Type: CONSTRAINT; Schema: public; Owner: postgres
--

ALTER TABLE ONLY public.mailer_messagelog
    ADD CONSTRAINT mailer_messagelog_pkey PRIMARY KEY (id);


--
-- Name: users_friendrequest unique_friend_request; Type: CONSTRAINT; Schema: public; Owner: postgres
--

ALTER TABLE ONLY public.users_friendrequest
    ADD CONSTRAINT unique_friend_request UNIQUE (user_from_id, user_to_id);


--
-- Name: logger_tripreport unique_slug_per_user; Type: CONSTRAINT; Schema: public; Owner: postgres
--

ALTER TABLE ONLY public.logger_tripreport
    ADD CONSTRAINT unique_slug_per_user UNIQUE (user_id, slug);


--
-- Name: users_cavinguser users_cavinguser_email_key; Type: CONSTRAINT; Schema: public; Owner: postgres
--

ALTER TABLE ONLY public.users_cavinguser
    ADD CONSTRAINT users_cavinguser_email_key UNIQUE (email);


--
-- Name: users_cavinguser_friends users_cavinguser_friends_from_cavinguser_id_to_ca_b11d8560_uniq; Type: CONSTRAINT; Schema: public; Owner: postgres
--

ALTER TABLE ONLY public.users_cavinguser_friends
    ADD CONSTRAINT users_cavinguser_friends_from_cavinguser_id_to_ca_b11d8560_uniq UNIQUE (from_cavinguser_id, to_cavinguser_id);


--
-- Name: users_cavinguser_friends users_cavinguser_friends_pkey; Type: CONSTRAINT; Schema: public; Owner: postgres
--

ALTER TABLE ONLY public.users_cavinguser_friends
    ADD CONSTRAINT users_cavinguser_friends_pkey PRIMARY KEY (id);


--
-- Name: users_cavinguser_groups users_cavinguser_groups_cavinguser_id_group_id_93a15dce_uniq; Type: CONSTRAINT; Schema: public; Owner: postgres
--

ALTER TABLE ONLY public.users_cavinguser_groups
    ADD CONSTRAINT users_cavinguser_groups_cavinguser_id_group_id_93a15dce_uniq UNIQUE (cavinguser_id, group_id);


--
-- Name: users_cavinguser_groups users_cavinguser_groups_pkey; Type: CONSTRAINT; Schema: public; Owner: postgres
--

ALTER TABLE ONLY public.users_cavinguser_groups
    ADD CONSTRAINT users_cavinguser_groups_pkey PRIMARY KEY (id);


--
-- Name: users_cavinguser users_cavinguser_pkey; Type: CONSTRAINT; Schema: public; Owner: postgres
--

ALTER TABLE ONLY public.users_cavinguser
    ADD CONSTRAINT users_cavinguser_pkey PRIMARY KEY (id);


--
-- Name: users_cavinguser_user_permissions users_cavinguser_user_pe_cavinguser_id_permission_36bcd10b_uniq; Type: CONSTRAINT; Schema: public; Owner: postgres
--

ALTER TABLE ONLY public.users_cavinguser_user_permissions
    ADD CONSTRAINT users_cavinguser_user_pe_cavinguser_id_permission_36bcd10b_uniq UNIQUE (cavinguser_id, permission_id);


--
-- Name: users_cavinguser_user_permissions users_cavinguser_user_permissions_pkey; Type: CONSTRAINT; Schema: public; Owner: postgres
--

ALTER TABLE ONLY public.users_cavinguser_user_permissions
    ADD CONSTRAINT users_cavinguser_user_permissions_pkey PRIMARY KEY (id);


--
-- Name: users_cavinguser users_cavinguser_username_key; Type: CONSTRAINT; Schema: public; Owner: postgres
--

ALTER TABLE ONLY public.users_cavinguser
    ADD CONSTRAINT users_cavinguser_username_key UNIQUE (username);


--
-- Name: users_friendrequest users_friendrequest_pkey; Type: CONSTRAINT; Schema: public; Owner: postgres
--

ALTER TABLE ONLY public.users_friendrequest
    ADD CONSTRAINT users_friendrequest_pkey PRIMARY KEY (id);


--
-- Name: users_notification users_notification_pkey; Type: CONSTRAINT; Schema: public; Owner: postgres
--

ALTER TABLE ONLY public.users_notification
    ADD CONSTRAINT users_notification_pkey PRIMARY KEY (id);


--
-- Name: auth_group_name_a6ea08ec_like; Type: INDEX; Schema: public; Owner: postgres
--

CREATE INDEX auth_group_name_a6ea08ec_like ON public.auth_group USING btree (name varchar_pattern_ops);


--
-- Name: auth_group_permissions_group_id_b120cbf9; Type: INDEX; Schema: public; Owner: postgres
--

CREATE INDEX auth_group_permissions_group_id_b120cbf9 ON public.auth_group_permissions USING btree (group_id);


--
-- Name: auth_group_permissions_permission_id_84c5c92e; Type: INDEX; Schema: public; Owner: postgres
--

CREATE INDEX auth_group_permissions_permission_id_84c5c92e ON public.auth_group_permissions USING btree (permission_id);


--
-- Name: auth_permission_content_type_id_2f476e4b; Type: INDEX; Schema: public; Owner: postgres
--

CREATE INDEX auth_permission_content_type_id_2f476e4b ON public.auth_permission USING btree (content_type_id);


--
-- Name: core_faq_author_id_e8415dab; Type: INDEX; Schema: public; Owner: postgres
--

CREATE INDEX core_faq_author_id_e8415dab ON public.core_faq USING btree (author_id);


--
-- Name: core_news_author_id_8287a902; Type: INDEX; Schema: public; Owner: postgres
--

CREATE INDEX core_news_author_id_8287a902 ON public.core_news USING btree (author_id);


--
-- Name: django_admin_log_content_type_id_c4bce8eb; Type: INDEX; Schema: public; Owner: postgres
--

CREATE INDEX django_admin_log_content_type_id_c4bce8eb ON public.django_admin_log USING btree (content_type_id);


--
-- Name: django_admin_log_user_id_c564eba6; Type: INDEX; Schema: public; Owner: postgres
--

CREATE INDEX django_admin_log_user_id_c564eba6 ON public.django_admin_log USING btree (user_id);


--
-- Name: django_session_expire_date_a5c62663; Type: INDEX; Schema: public; Owner: postgres
--

CREATE INDEX django_session_expire_date_a5c62663 ON public.django_session USING btree (expire_date);


--
-- Name: django_session_session_key_c0390e0f_like; Type: INDEX; Schema: public; Owner: postgres
--

CREATE INDEX django_session_session_key_c0390e0f_like ON public.django_session USING btree (session_key varchar_pattern_ops);


--
-- Name: logger_comm_content_0ff2fc_idx; Type: INDEX; Schema: public; Owner: postgres
--

CREATE INDEX logger_comm_content_0ff2fc_idx ON public.logger_comment USING btree (content_type_id, object_id);


--
-- Name: logger_comment_author_id_9dd000aa; Type: INDEX; Schema: public; Owner: postgres
--

CREATE INDEX logger_comment_author_id_9dd000aa ON public.logger_comment USING btree (author_id);


--
-- Name: logger_comment_content_type_id_3efaf153; Type: INDEX; Schema: public; Owner: postgres
--

CREATE INDEX logger_comment_content_type_id_3efaf153 ON public.logger_comment USING btree (content_type_id);


--
-- Name: logger_trip_likes_cavinguser_id_3d7f4c4c; Type: INDEX; Schema: public; Owner: postgres
--

CREATE INDEX logger_trip_likes_cavinguser_id_3d7f4c4c ON public.logger_trip_likes USING btree (cavinguser_id);


--
-- Name: logger_trip_likes_trip_id_bd120d11; Type: INDEX; Schema: public; Owner: postgres
--

CREATE INDEX logger_trip_likes_trip_id_bd120d11 ON public.logger_trip_likes USING btree (trip_id);


--
-- Name: logger_trip_user_id_ce8630b9; Type: INDEX; Schema: public; Owner: postgres
--

CREATE INDEX logger_trip_user_id_ce8630b9 ON public.logger_trip USING btree (user_id);


--
-- Name: logger_tripreport_likes_cavinguser_id_0896c406; Type: INDEX; Schema: public; Owner: postgres
--

CREATE INDEX logger_tripreport_likes_cavinguser_id_0896c406 ON public.logger_tripreport_likes USING btree (cavinguser_id);


--
-- Name: logger_tripreport_likes_tripreport_id_bc81fef7; Type: INDEX; Schema: public; Owner: postgres
--

CREATE INDEX logger_tripreport_likes_tripreport_id_bc81fef7 ON public.logger_tripreport_likes USING btree (tripreport_id);


--
-- Name: logger_tripreport_slug_0d801204; Type: INDEX; Schema: public; Owner: postgres
--

CREATE INDEX logger_tripreport_slug_0d801204 ON public.logger_tripreport USING btree (slug);


--
-- Name: logger_tripreport_slug_0d801204_like; Type: INDEX; Schema: public; Owner: postgres
--

CREATE INDEX logger_tripreport_slug_0d801204_like ON public.logger_tripreport USING btree (slug varchar_pattern_ops);


--
-- Name: logger_tripreport_user_id_c1c60a53; Type: INDEX; Schema: public; Owner: postgres
--

CREATE INDEX logger_tripreport_user_id_c1c60a53 ON public.logger_tripreport USING btree (user_id);


--
-- Name: mailer_messagelog_priority_5e712cf3; Type: INDEX; Schema: public; Owner: postgres
--

CREATE INDEX mailer_messagelog_priority_5e712cf3 ON public.mailer_messagelog USING btree (priority);


--
-- Name: mailer_messagelog_when_added_627461e6; Type: INDEX; Schema: public; Owner: postgres
--

CREATE INDEX mailer_messagelog_when_added_627461e6 ON public.mailer_messagelog USING btree (when_added);


--
-- Name: users_cavinguser_email_94ca5808_like; Type: INDEX; Schema: public; Owner: postgres
--

CREATE INDEX users_cavinguser_email_94ca5808_like ON public.users_cavinguser USING btree (email varchar_pattern_ops);


--
-- Name: users_cavinguser_friends_from_cavinguser_id_de64afc9; Type: INDEX; Schema: public; Owner: postgres
--

CREATE INDEX users_cavinguser_friends_from_cavinguser_id_de64afc9 ON public.users_cavinguser_friends USING btree (from_cavinguser_id);


--
-- Name: users_cavinguser_friends_to_cavinguser_id_2711cf38; Type: INDEX; Schema: public; Owner: postgres
--

CREATE INDEX users_cavinguser_friends_to_cavinguser_id_2711cf38 ON public.users_cavinguser_friends USING btree (to_cavinguser_id);


--
-- Name: users_cavinguser_groups_cavinguser_id_19afa393; Type: INDEX; Schema: public; Owner: postgres
--

CREATE INDEX users_cavinguser_groups_cavinguser_id_19afa393 ON public.users_cavinguser_groups USING btree (cavinguser_id);


--
-- Name: users_cavinguser_groups_group_id_73e2de0f; Type: INDEX; Schema: public; Owner: postgres
--

CREATE INDEX users_cavinguser_groups_group_id_73e2de0f ON public.users_cavinguser_groups USING btree (group_id);


--
-- Name: users_cavinguser_user_permissions_cavinguser_id_17f483d5; Type: INDEX; Schema: public; Owner: postgres
--

CREATE INDEX users_cavinguser_user_permissions_cavinguser_id_17f483d5 ON public.users_cavinguser_user_permissions USING btree (cavinguser_id);


--
-- Name: users_cavinguser_user_permissions_permission_id_0fb41e0d; Type: INDEX; Schema: public; Owner: postgres
--

CREATE INDEX users_cavinguser_user_permissions_permission_id_0fb41e0d ON public.users_cavinguser_user_permissions USING btree (permission_id);


--
-- Name: users_cavinguser_username_c73822da_like; Type: INDEX; Schema: public; Owner: postgres
--

CREATE INDEX users_cavinguser_username_c73822da_like ON public.users_cavinguser USING btree (username varchar_pattern_ops);


--
-- Name: users_friendrequest_user_from_id_0b5299e3; Type: INDEX; Schema: public; Owner: postgres
--

CREATE INDEX users_friendrequest_user_from_id_0b5299e3 ON public.users_friendrequest USING btree (user_from_id);


--
-- Name: users_friendrequest_user_to_id_79c49f4c; Type: INDEX; Schema: public; Owner: postgres
--

CREATE INDEX users_friendrequest_user_to_id_79c49f4c ON public.users_friendrequest USING btree (user_to_id);


--
-- Name: users_notification_user_id_fed360c8; Type: INDEX; Schema: public; Owner: postgres
--

CREATE INDEX users_notification_user_id_fed360c8 ON public.users_notification USING btree (user_id);


--
-- Name: auth_group_permissions auth_group_permissio_permission_id_84c5c92e_fk_auth_perm; Type: FK CONSTRAINT; Schema: public; Owner: postgres
--

ALTER TABLE ONLY public.auth_group_permissions
    ADD CONSTRAINT auth_group_permissio_permission_id_84c5c92e_fk_auth_perm FOREIGN KEY (permission_id) REFERENCES public.auth_permission(id) DEFERRABLE INITIALLY DEFERRED;


--
-- Name: auth_group_permissions auth_group_permissions_group_id_b120cbf9_fk_auth_group_id; Type: FK CONSTRAINT; Schema: public; Owner: postgres
--

ALTER TABLE ONLY public.auth_group_permissions
    ADD CONSTRAINT auth_group_permissions_group_id_b120cbf9_fk_auth_group_id FOREIGN KEY (group_id) REFERENCES public.auth_group(id) DEFERRABLE INITIALLY DEFERRED;


--
-- Name: auth_permission auth_permission_content_type_id_2f476e4b_fk_django_co; Type: FK CONSTRAINT; Schema: public; Owner: postgres
--

ALTER TABLE ONLY public.auth_permission
    ADD CONSTRAINT auth_permission_content_type_id_2f476e4b_fk_django_co FOREIGN KEY (content_type_id) REFERENCES public.django_content_type(id) DEFERRABLE INITIALLY DEFERRED;


--
-- Name: core_faq core_faq_author_id_e8415dab_fk_users_cavinguser_id; Type: FK CONSTRAINT; Schema: public; Owner: postgres
--

ALTER TABLE ONLY public.core_faq
    ADD CONSTRAINT core_faq_author_id_e8415dab_fk_users_cavinguser_id FOREIGN KEY (author_id) REFERENCES public.users_cavinguser(id) DEFERRABLE INITIALLY DEFERRED;


--
-- Name: core_news core_news_author_id_8287a902_fk_users_cavinguser_id; Type: FK CONSTRAINT; Schema: public; Owner: postgres
--

ALTER TABLE ONLY public.core_news
    ADD CONSTRAINT core_news_author_id_8287a902_fk_users_cavinguser_id FOREIGN KEY (author_id) REFERENCES public.users_cavinguser(id) DEFERRABLE INITIALLY DEFERRED;


--
-- Name: django_admin_log django_admin_log_content_type_id_c4bce8eb_fk_django_co; Type: FK CONSTRAINT; Schema: public; Owner: postgres
--

ALTER TABLE ONLY public.django_admin_log
    ADD CONSTRAINT django_admin_log_content_type_id_c4bce8eb_fk_django_co FOREIGN KEY (content_type_id) REFERENCES public.django_content_type(id) DEFERRABLE INITIALLY DEFERRED;


--
-- Name: django_admin_log django_admin_log_user_id_c564eba6_fk_users_cavinguser_id; Type: FK CONSTRAINT; Schema: public; Owner: postgres
--

ALTER TABLE ONLY public.django_admin_log
    ADD CONSTRAINT django_admin_log_user_id_c564eba6_fk_users_cavinguser_id FOREIGN KEY (user_id) REFERENCES public.users_cavinguser(id) DEFERRABLE INITIALLY DEFERRED;


--
-- Name: logger_comment logger_comment_author_id_9dd000aa_fk_users_cavinguser_id; Type: FK CONSTRAINT; Schema: public; Owner: postgres
--

ALTER TABLE ONLY public.logger_comment
    ADD CONSTRAINT logger_comment_author_id_9dd000aa_fk_users_cavinguser_id FOREIGN KEY (author_id) REFERENCES public.users_cavinguser(id) DEFERRABLE INITIALLY DEFERRED;


--
-- Name: logger_comment logger_comment_content_type_id_3efaf153_fk_django_co; Type: FK CONSTRAINT; Schema: public; Owner: postgres
--

ALTER TABLE ONLY public.logger_comment
    ADD CONSTRAINT logger_comment_content_type_id_3efaf153_fk_django_co FOREIGN KEY (content_type_id) REFERENCES public.django_content_type(id) DEFERRABLE INITIALLY DEFERRED;


--
-- Name: logger_trip_likes logger_trip_likes_cavinguser_id_3d7f4c4c_fk_users_cavinguser_id; Type: FK CONSTRAINT; Schema: public; Owner: postgres
--

ALTER TABLE ONLY public.logger_trip_likes
    ADD CONSTRAINT logger_trip_likes_cavinguser_id_3d7f4c4c_fk_users_cavinguser_id FOREIGN KEY (cavinguser_id) REFERENCES public.users_cavinguser(id) DEFERRABLE INITIALLY DEFERRED;


--
-- Name: logger_trip_likes logger_trip_likes_trip_id_bd120d11_fk_logger_trip_id; Type: FK CONSTRAINT; Schema: public; Owner: postgres
--

ALTER TABLE ONLY public.logger_trip_likes
    ADD CONSTRAINT logger_trip_likes_trip_id_bd120d11_fk_logger_trip_id FOREIGN KEY (trip_id) REFERENCES public.logger_trip(id) DEFERRABLE INITIALLY DEFERRED;


--
-- Name: logger_trip logger_trip_user_id_ce8630b9_fk_users_cavinguser_id; Type: FK CONSTRAINT; Schema: public; Owner: postgres
--

ALTER TABLE ONLY public.logger_trip
    ADD CONSTRAINT logger_trip_user_id_ce8630b9_fk_users_cavinguser_id FOREIGN KEY (user_id) REFERENCES public.users_cavinguser(id) DEFERRABLE INITIALLY DEFERRED;


--
-- Name: logger_tripreport_likes logger_tripreport_li_cavinguser_id_0896c406_fk_users_cav; Type: FK CONSTRAINT; Schema: public; Owner: postgres
--

ALTER TABLE ONLY public.logger_tripreport_likes
    ADD CONSTRAINT logger_tripreport_li_cavinguser_id_0896c406_fk_users_cav FOREIGN KEY (cavinguser_id) REFERENCES public.users_cavinguser(id) DEFERRABLE INITIALLY DEFERRED;


--
-- Name: logger_tripreport_likes logger_tripreport_li_tripreport_id_bc81fef7_fk_logger_tr; Type: FK CONSTRAINT; Schema: public; Owner: postgres
--

ALTER TABLE ONLY public.logger_tripreport_likes
    ADD CONSTRAINT logger_tripreport_li_tripreport_id_bc81fef7_fk_logger_tr FOREIGN KEY (tripreport_id) REFERENCES public.logger_tripreport(trip_id) DEFERRABLE INITIALLY DEFERRED;


--
-- Name: logger_tripreport logger_tripreport_trip_id_a83adc25_fk_logger_trip_id; Type: FK CONSTRAINT; Schema: public; Owner: postgres
--

ALTER TABLE ONLY public.logger_tripreport
    ADD CONSTRAINT logger_tripreport_trip_id_a83adc25_fk_logger_trip_id FOREIGN KEY (trip_id) REFERENCES public.logger_trip(id) DEFERRABLE INITIALLY DEFERRED;


--
-- Name: logger_tripreport logger_tripreport_user_id_c1c60a53_fk_users_cavinguser_id; Type: FK CONSTRAINT; Schema: public; Owner: postgres
--

ALTER TABLE ONLY public.logger_tripreport
    ADD CONSTRAINT logger_tripreport_user_id_c1c60a53_fk_users_cavinguser_id FOREIGN KEY (user_id) REFERENCES public.users_cavinguser(id) DEFERRABLE INITIALLY DEFERRED;


--
-- Name: users_cavinguser_friends users_cavinguser_fri_from_cavinguser_id_de64afc9_fk_users_cav; Type: FK CONSTRAINT; Schema: public; Owner: postgres
--

ALTER TABLE ONLY public.users_cavinguser_friends
    ADD CONSTRAINT users_cavinguser_fri_from_cavinguser_id_de64afc9_fk_users_cav FOREIGN KEY (from_cavinguser_id) REFERENCES public.users_cavinguser(id) DEFERRABLE INITIALLY DEFERRED;


--
-- Name: users_cavinguser_friends users_cavinguser_fri_to_cavinguser_id_2711cf38_fk_users_cav; Type: FK CONSTRAINT; Schema: public; Owner: postgres
--

ALTER TABLE ONLY public.users_cavinguser_friends
    ADD CONSTRAINT users_cavinguser_fri_to_cavinguser_id_2711cf38_fk_users_cav FOREIGN KEY (to_cavinguser_id) REFERENCES public.users_cavinguser(id) DEFERRABLE INITIALLY DEFERRED;


--
-- Name: users_cavinguser_groups users_cavinguser_gro_cavinguser_id_19afa393_fk_users_cav; Type: FK CONSTRAINT; Schema: public; Owner: postgres
--

ALTER TABLE ONLY public.users_cavinguser_groups
    ADD CONSTRAINT users_cavinguser_gro_cavinguser_id_19afa393_fk_users_cav FOREIGN KEY (cavinguser_id) REFERENCES public.users_cavinguser(id) DEFERRABLE INITIALLY DEFERRED;


--
-- Name: users_cavinguser_groups users_cavinguser_groups_group_id_73e2de0f_fk_auth_group_id; Type: FK CONSTRAINT; Schema: public; Owner: postgres
--

ALTER TABLE ONLY public.users_cavinguser_groups
    ADD CONSTRAINT users_cavinguser_groups_group_id_73e2de0f_fk_auth_group_id FOREIGN KEY (group_id) REFERENCES public.auth_group(id) DEFERRABLE INITIALLY DEFERRED;


--
-- Name: users_cavinguser_user_permissions users_cavinguser_use_cavinguser_id_17f483d5_fk_users_cav; Type: FK CONSTRAINT; Schema: public; Owner: postgres
--

ALTER TABLE ONLY public.users_cavinguser_user_permissions
    ADD CONSTRAINT users_cavinguser_use_cavinguser_id_17f483d5_fk_users_cav FOREIGN KEY (cavinguser_id) REFERENCES public.users_cavinguser(id) DEFERRABLE INITIALLY DEFERRED;


--
-- Name: users_cavinguser_user_permissions users_cavinguser_use_permission_id_0fb41e0d_fk_auth_perm; Type: FK CONSTRAINT; Schema: public; Owner: postgres
--

ALTER TABLE ONLY public.users_cavinguser_user_permissions
    ADD CONSTRAINT users_cavinguser_use_permission_id_0fb41e0d_fk_auth_perm FOREIGN KEY (permission_id) REFERENCES public.auth_permission(id) DEFERRABLE INITIALLY DEFERRED;


--
-- Name: users_friendrequest users_friendrequest_user_from_id_0b5299e3_fk_users_cav; Type: FK CONSTRAINT; Schema: public; Owner: postgres
--

ALTER TABLE ONLY public.users_friendrequest
    ADD CONSTRAINT users_friendrequest_user_from_id_0b5299e3_fk_users_cav FOREIGN KEY (user_from_id) REFERENCES public.users_cavinguser(id) DEFERRABLE INITIALLY DEFERRED;


--
-- Name: users_friendrequest users_friendrequest_user_to_id_79c49f4c_fk_users_cavinguser_id; Type: FK CONSTRAINT; Schema: public; Owner: postgres
--

ALTER TABLE ONLY public.users_friendrequest
    ADD CONSTRAINT users_friendrequest_user_to_id_79c49f4c_fk_users_cavinguser_id FOREIGN KEY (user_to_id) REFERENCES public.users_cavinguser(id) DEFERRABLE INITIALLY DEFERRED;


--
-- Name: users_notification users_notification_user_id_fed360c8_fk_users_cavinguser_id; Type: FK CONSTRAINT; Schema: public; Owner: postgres
--

ALTER TABLE ONLY public.users_notification
    ADD CONSTRAINT users_notification_user_id_fed360c8_fk_users_cavinguser_id FOREIGN KEY (user_id) REFERENCES public.users_cavinguser(id) DEFERRABLE INITIALLY DEFERRED;


--
-- PostgreSQL database dump complete
--

--
-- PostgreSQL database cluster dump complete
--
